country_id,Year,food_id,description,url
1,2024,1.0,Per 4 oz - Calories: 120kcal | Fat: 2.00g | Carbs: 1.00g | Protein: 23.00g,https://foods.fatsecret.com/calories-nutrition/sea-queen/usa-gulf-shrimp
1,2024,2.0,Per 1 bar - Calories: 290kcal | Fat: 17.00g | Carbs: 24.00g | Protein: 13.00g,https://foods.fatsecret.com/calories-nutrition/usa-sports/vanilla-muscle-sandwich
1,2024,3.0,Per 1 serving - Calories: 40kcal | Fat: 0.00g | Carbs: 10.00g | Protein: 0.00g,https://foods.fatsecret.com/calories-nutrition/usana-health-sciences/fibergy
1,2024,4.0,Per 1 bar - Calories: 160kcal | Fat: 4.50g | Carbs: 20.00g | Protein: 11.00g,https://foods.fatsecret.com/calories-nutrition/usana-health-sciences/nutrition-bar---peanut-butter-crunch
1,2024,5.0,Per 1 serving - Calories: 255kcal | Fat: 7.00g | Carbs: 33.00g | Protein: 16.00g,https://foods.fatsecret.com/calories-nutrition/usana-health-sciences/nutrimeal-drink-mix---french-vanilla
1,2024,6.0,Per 1 serving - Calories: 242kcal | Fat: 7.00g | Carbs: 32.00g | Protein: 16.00g,https://foods.fatsecret.com/calories-nutrition/usana-health-sciences/nutrimeal-drink-mix---dutch-chocolate
1,2024,7.0,Per 1 serving - Calories: 255kcal | Fat: 7.00g | Carbs: 33.00g | Protein: 16.00g,https://foods.fatsecret.com/calories-nutrition/usana-health-sciences/nutrimeal-drink-mix---wild-strawberry
1,2024,8.0,Per 1 serving - Calories: 261kcal | Fat: 9.40g | Carbs: 18.80g | Protein: 21.00g,https://foods.fatsecret.com/calories-nutrition/usana-health-sciences/nutrimeal-chocolate
1,2024,9.0,Per 1 piece - Calories: 270kcal | Fat: 0.00g | Carbs: 63.00g | Protein: 4.00g,https://foods.fatsecret.com/calories-nutrition/daifuku/mochi-kusa
1,2024,10.0,Per 1 serving - Calories: 20kcal | Fat: 0.00g | Carbs: 4.00g | Protein: 1.00g,https://foods.fatsecret.com/calories-nutrition/clean-eatz/nsa-bbq-sauce
1,2024,11.0,Per 1 serving - Calories: 30kcal | Fat: 0.00g | Carbs: 6.00g | Protein: 1.00g,https://foods.fatsecret.com/calories-nutrition/sweet-frog/nsa-cheesecake-frozen-yogurt
1,2024,12.0,Per 1 oz - Calories: 35kcal | Fat: 0.00g | Carbs: 7.00g | Protein: 1.00g,https://foods.fatsecret.com/calories-nutrition/orange-leaf/nsa-vanilla-frozen-yogurt
1,2024,13.0,Per 1 steak - Calories: 250kcal | Fat: 11.00g | Carbs: 0.00g | Protein: 35.00g,https://foods.fatsecret.com/calories-nutrition/schwans/usda-choice-filet-mignon
1,2024,14.0,Per 3/4 cup - Calories: 60kcal | Fat: 0.50g | Carbs: 15.00g | Protein: 1.00g,https://foods.fatsecret.com/calories-nutrition/vip/use-like-fresh-mixed-fruit
1,2024,15.0,Per 1 serving - Calories: 250kcal | Fat: 6.00g | Carbs: 3.00g | Protein: 46.00g,https://foods.fatsecret.com/calories-nutrition/texas-roadhouse/usda-choice-sirloin-6-oz
1,2024,16.0,Per 1 serving - Calories: 340kcal | Fat: 8.00g | Carbs: 5.00g | Protein: 61.00g,https://foods.fatsecret.com/calories-nutrition/texas-roadhouse/usda-choice-sirloin-8-oz
1,2024,17.0,Per 1 serving - Calories: 460kcal | Fat: 11.00g | Carbs: 6.00g | Protein: 84.00g,https://foods.fatsecret.com/calories-nutrition/texas-roadhouse/usda-choice-sirloin-11-oz
1,2024,18.0,Per 1 serving - Calories: 670kcal | Fat: 16.00g | Carbs: 9.00g | Protein: 122.00g,https://foods.fatsecret.com/calories-nutrition/texas-roadhouse/usda-choice-sirloin-16-oz
1,2024,19.0,Per 1 serving - Calories: 560kcal | Fat: 25.00g | Carbs: 43.00g | Protein: 42.00g,https://foods.fatsecret.com/calories-nutrition/applebees/usda-select-sirloin-(6-oz)
1,2024,20.0,Per 1 serving - Calories: 620kcal | Fat: 27.00g | Carbs: 44.00g | Protein: 53.00g,https://foods.fatsecret.com/calories-nutrition/applebees/usda-select-sirloin-(8-oz)
2,2024,,,
3,2024,21.0,Per 1 serving - Calories: 1310kcal | Fat: 81.00g | Carbs: 87.00g | Protein: 60.00g,https://foods.fatsecret.com/calories-nutrition/islands-restaurants/china-coast
3,2024,22.0,Per 1 brewed cup - Calories: 0kcal | Fat: 0.00g | Carbs: 1.00g | Protein: 0.00g,https://foods.fatsecret.com/calories-nutrition/tea-pot-brand/china-slim-tea
3,2024,23.0,Per 1 tbsp - Calories: 10kcal | Fat: 0.00g | Carbs: 1.00g | Protein: 1.00g,https://foods.fatsecret.com/calories-nutrition/ranchero/salsa-china-soy-sauce
3,2024,24.0,Per 100g - Calories: 490kcal | Fat: 30.75g | Carbs: 43.85g | Protein: 15.62g,https://foods.fatsecret.com/calories-nutrition/generic/chia-seeds
3,2024,25.0,Per 434g - Calories: 458kcal | Fat: 18.94g | Carbs: 54.42g | Protein: 19.98g,https://foods.fatsecret.com/calories-nutrition/generic/chia-pudding
3,2024,26.0,Per 1/2 cup - Calories: 130kcal | Fat: 5.00g | Carbs: 16.00g | Protein: 3.00g,https://foods.fatsecret.com/calories-nutrition/china-boy/rice-noodles
3,2024,27.0,Per 1 tbsp - Calories: 10kcal | Fat: 0.00g | Carbs: 2.00g | Protein: 1.00g,https://foods.fatsecret.com/calories-nutrition/china-lily/soya-sauce
3,2024,28.0,Per 1/4 cup dry - Calories: 70kcal | Fat: 0.00g | Carbs: 22.00g | Protein: 7.00g,https://foods.fatsecret.com/calories-nutrition/china-doll/dried-large-lima-beans
3,2024,29.0,Per 1/2 cup - Calories: 130kcal | Fat: 5.00g | Carbs: 16.00g | Protein: 3.00g,https://foods.fatsecret.com/calories-nutrition/china-boy/chow-mein-noodles
3,2024,30.0,Per 2 oz - Calories: 200kcal | Fat: 0.00g | Carbs: 47.00g | Protein: 4.00g,https://foods.fatsecret.com/calories-nutrition/china-boy/enriched-lo-mein-noodles
3,2024,31.0,Per 3 oz - Calories: 140kcal | Fat: 9.00g | Carbs: 1.00g | Protein: 14.00g,https://foods.fatsecret.com/calories-nutrition/china-tofu/marinated-bean-curd
3,2024,32.0,Per 1/3 cup - Calories: 70kcal | Fat: 0.00g | Carbs: 17.00g | Protein: 0.00g,https://foods.fatsecret.com/calories-nutrition/china-bowl-select/cellophane-noodles
3,2024,33.0,Per 1/2 cup - Calories: 150kcal | Fat: 1.00g | Carbs: 34.00g | Protein: 5.00g,https://foods.fatsecret.com/calories-nutrition/china-bowl-select/chinese-noodles
3,2024,34.0,Per 100g - Calories: 490kcal | Fat: 30.75g | Carbs: 43.85g | Protein: 15.62g,https://foods.fatsecret.com/calories-nutrition/usda/dried-chia-seeds
3,2024,35.0,Per 18 pieces - Calories: 110kcal | Fat: 5.00g | Carbs: 14.00g | Protein: 2.00g,https://foods.fatsecret.com/calories-nutrition/gonyek/chin-chin
3,2024,36.0,Per 1 pouch - Calories: 70kcal | Fat: 3.00g | Carbs: 12.00g | Protein: 2.00g,https://foods.fatsecret.com/calories-nutrition/mamma-chia/chia-squeeze
3,2024,37.0,Per 1/2 oz - Calories: 77kcal | Fat: 5.00g | Carbs: 7.00g | Protein: 3.00g,https://foods.fatsecret.com/calories-nutrition/the-chia-co/black-chia
3,2024,38.0,Per 1 tbsp - Calories: 60kcal | Fat: 4.00g | Carbs: 4.00g | Protein: 3.00g,https://foods.fatsecret.com/calories-nutrition/mamma-chia/organic-chia-seeds
3,2024,39.0,Per 1 package - Calories: 490kcal | Fat: 16.00g | Carbs: 79.00g | Protein: 13.00g,https://foods.fatsecret.com/calories-nutrition/central-market/chana-masala
3,2024,39.0,Per 1 container - Calories: 270kcal | Fat: 4.50g | Carbs: 51.00g | Protein: 9.00g,https://foods.fatsecret.com/calories-nutrition/pataks/chana-masala
4,2024,40.0,Per 1 tbsp - Calories: 20kcal | Fat: 0.00g | Carbs: 5.00g | Protein: 0.00g,https://foods.fatsecret.com/calories-nutrition/heinz/india-relish
4,2024,41.0,Per 1 bottle - Calories: 183kcal | Fat: 0.00g | Carbs: 44.00g | Protein: 1.40g,https://foods.fatsecret.com/calories-nutrition/malta-india/malta-india-(355ml)
4,2024,42.0,Per 1 bottle - Calories: 110kcal | Fat: 0.00g | Carbs: 26.00g | Protein: 0.00g,https://foods.fatsecret.com/calories-nutrition/malta-india/malta-india-(207ml)
4,2024,43.0,Per 1 serving - Calories: 150kcal | Fat: 0.00g | Carbs: 11.00g | Protein: 0.00g,https://foods.fatsecret.com/calories-nutrition/perkins-restaurant/india-pale-ale
4,2024,43.0,Per 1 bottle - Calories: 210kcal | Fat: 0.00g | Carbs: 40.00g | Protein: 1.00g,https://foods.fatsecret.com/calories-nutrition/odell/india-pale-ale
4,2024,43.0,Per 1 bottle - Calories: 145kcal | Fat: 0.00g | Carbs: 11.00g | Protein: 0.00g,https://foods.fatsecret.com/calories-nutrition/alexander-keiths/india-pale-ale
4,2024,43.0,Per 1 bottle - Calories: 195kcal | Fat: 0.00g | Carbs: 17.00g | Protein: 0.00g,https://foods.fatsecret.com/calories-nutrition/kirkland-signature/india-pale-ale
4,2024,44.0,Per 1/4 cup - Calories: 160kcal | Fat: 0.00g | Carbs: 36.00g | Protein: 4.00g,https://foods.fatsecret.com/calories-nutrition/trader-joes/basmati-rice-from-india
4,2024,45.0,Per 1 tea bag - Calories: 0kcal | Fat: 0.00g | Carbs: 0.00g | Protein: 0.00g,https://foods.fatsecret.com/calories-nutrition/celestial-seasonings/india-spice-chai-tea
4,2024,46.0,Per 1 bottle - Calories: 200kcal | Fat: 0.00g | Carbs: 15.00g | Protein: 0.00g,https://foods.fatsecret.com/calories-nutrition/sweetwater/india-pale-ale-(ipa)
4,2024,47.0,Per 532g - Calories: 1656kcal | Fat: 61.70g | Carbs: 227.43g | Protein: 45.20g,https://foods.fatsecret.com/calories-nutrition/generic/naan-indian-flatbread
4,2024,48.0,Per 1 package - Calories: 490kcal | Fat: 18.00g | Carbs: 61.00g | Protein: 21.00g,https://foods.fatsecret.com/calories-nutrition/wegmans/travels-of-india-butter-chicken
4,2024,49.0,Per 1924g - Calories: 2539kcal | Fat: 69.06g | Carbs: 399.96g | Protein: 82.34g,https://foods.fatsecret.com/calories-nutrition/generic/pudding-indian-(milk-molasses-and-cornmeal-based-pudding)
4,2024,50.0,Per 100g - Calories: 26kcal | Fat: 0.20g | Carbs: 5.64g | Protein: 0.52g,https://foods.fatsecret.com/calories-nutrition/usda/indian-squash-(navajo)
4,2024,51.0,Per 100g - Calories: 16kcal | Fat: 0.15g | Carbs: 3.22g | Protein: 0.31g,https://foods.fatsecret.com/calories-nutrition/usda/indian-squash-(cooked-boiled)-(navajo)
4,2024,52.0,Per 100g - Calories: 330kcal | Fat: 12.22g | Carbs: 48.26g | Protein: 6.69g,https://foods.fatsecret.com/calories-nutrition/usda/indian-bread-made-with-lard-(navajo)
4,2024,53.0,Per 669g - Calories: 2611kcal | Fat: 158.24g | Carbs: 274.71g | Protein: 37.69g,https://foods.fatsecret.com/calories-nutrition/generic/ladoo-round-ball-asian-indian-dessert
4,2024,54.0,Per 1 Bottle - Calories: 107kcal | Fat: 0.00g | Carbs: 26.00g | Protein: 0.60g,https://foods.fatsecret.com/calories-nutrition/india/malta
4,2024,55.0,Per 3904g - Calories: 5543kcal | Fat: 121.02g | Carbs: 979.45g | Protein: 138.19g,https://foods.fatsecret.com/calories-nutrition/generic/pudding-rice-flour-with-nuts-(indian-dessert)
4,2024,56.0,Per 1/4 cup dry - Calories: 160kcal | Fat: 0.00g | Carbs: 35.00g | Protein: 4.00g,https://foods.fatsecret.com/calories-nutrition/india-gate/basmati-rice
5,2024,57.0,Per 1 serving - Calories: 140kcal | Fat: 0.00g | Carbs: 3.00g | Protein: 0.00g,https://foods.fatsecret.com/calories-nutrition/california-pizza-kitchen/m-chapoutier-belleruche-rose-cotes-du-rhone-france
5,2024,58.0,Per 1 serving - Calories: 590kcal | Fat: 0.00g | Carbs: 11.00g | Protein: 1.00g,https://foods.fatsecret.com/calories-nutrition/california-pizza-kitchen/m-chapoutier-belleruche-rose-cotes-du-rhone-france-bottle
5,2024,59.0,Per 100g - Calories: 85kcal | Fat: 0.00g | Carbs: 2.45g | Protein: 0.07g,https://foods.fatsecret.com/calories-nutrition/usda/cabernet-franc-wine
5,2024,60.0,Per 1/2 cup - Calories: 60kcal | Fat: 1.00g | Carbs: 11.00g | Protein: 2.00g,https://foods.fatsecret.com/calories-nutrition/francesco-rinaldi/traditional-marinara-sauce
5,2024,61.0,Per 1/2 cup - Calories: 100kcal | Fat: 4.50g | Carbs: 15.00g | Protein: 2.00g,https://foods.fatsecret.com/calories-nutrition/francesco-rinaldi/super-mushroom-pasta-sauce
5,2024,62.0,Per 1/2 cup - Calories: 70kcal | Fat: 2.00g | Carbs: 13.00g | Protein: 2.00g,https://foods.fatsecret.com/calories-nutrition/francesco-rinaldi/tomato-garlic-and-onion-chunky-garden-pasta-sauce
5,2024,63.0,Per 1/2 cup - Calories: 60kcal | Fat: 1.00g | Carbs: 10.00g | Protein: 2.00g,https://foods.fatsecret.com/calories-nutrition/francesco-rinaldi/no-salt-added-traditional-pasta-sauce
5,2024,64.0,Per 1/2 cup - Calories: 90kcal | Fat: 4.50g | Carbs: 12.00g | Protein: 2.00g,https://foods.fatsecret.com/calories-nutrition/francesco-rinaldi/eggplant-and-parmesan-sauce
5,2024,65.0,Per 1/2 cup - Calories: 70kcal | Fat: 2.00g | Carbs: 12.00g | Protein: 2.00g,https://foods.fatsecret.com/calories-nutrition/francesco-rinaldi/meat-flavored-traditional-pasta-sauce
5,2024,66.0,Per 1/4 cup - Calories: 20kcal | Fat: 0.00g | Carbs: 4.00g | Protein: 1.00g,https://foods.fatsecret.com/calories-nutrition/francesco-rinaldi/pizza-sauce
5,2024,67.0,Per 1/2 cup - Calories: 60kcal | Fat: 1.00g | Carbs: 12.00g | Protein: 2.00g,https://foods.fatsecret.com/calories-nutrition/francesco-rinaldi/tomato-garlic-onion-pasta-sauce
5,2024,68.0,Per 1/4 cup - Calories: 60kcal | Fat: 8.00g | Carbs: 2.00g | Protein: 2.00g,https://foods.fatsecret.com/calories-nutrition/francesco-rinaldi/four-cheese-alfredo
5,2024,69.0,Per 1/2 cup - Calories: 50kcal | Fat: 2.50g | Carbs: 11.00g | Protein: 2.00g,https://foods.fatsecret.com/calories-nutrition/francesco-rinaldi/garden-combo-chunky-garden-style-sauce
5,2024,70.0,Per 1/4 cup - Calories: 60kcal | Fat: 4.50g | Carbs: 3.00g | Protein: 1.00g,https://foods.fatsecret.com/calories-nutrition/francesco-rinaldi/alfredo-sauce
5,2024,71.0,Per 1/2 cup - Calories: 80kcal | Fat: 1.00g | Carbs: 16.00g | Protein: 2.00g,https://foods.fatsecret.com/calories-nutrition/francesco-rinaldi/sweet-and-tasty-tomato-pasta-sauce
5,2024,72.0,Per 1/2 cup - Calories: 60kcal | Fat: 2.00g | Carbs: 9.00g | Protein: 2.00g,https://foods.fatsecret.com/calories-nutrition/francesco-rinaldi/to-be-healthy-spicy-marinara-pasta-sauce
5,2024,73.0,Per 1/2 cup - Calories: 80kcal | Fat: 3.00g | Carbs: 14.00g | Protein: 2.00g,https://foods.fatsecret.com/calories-nutrition/francesco-rinaldi/original-traditional-pasta-sauce
5,2024,74.0,Per 1/4 cup - Calories: 50kcal | Fat: 2.50g | Carbs: 6.00g | Protein: 2.00g,https://foods.fatsecret.com/calories-nutrition/francesco-rinaldi/vodka-sauce
5,2024,75.0,Per 1/2 cup - Calories: 60kcal | Fat: 1.00g | Carbs: 11.00g | Protein: 2.00g,https://foods.fatsecret.com/calories-nutrition/francesco-rinaldi/original-recipe-pasta-sauce
5,2024,76.0,Per 1/4 cup - Calories: 90kcal | Fat: 8.00g | Carbs: 3.00g | Protein: 2.00g,https://foods.fatsecret.com/calories-nutrition/francesco-rinaldi/roasted-garlic-alfredo-sauce
6,2024,77.0,Per 100g - Calories: 384kcal | Fat: 0.34g | Carbs: 92.87g | Protein: 3.62g,https://foods.fatsecret.com/calories-nutrition/generic/cookie-tea-japanese
6,2024,78.0,Per 100g - Calories: 42kcal | Fat: 0.23g | Carbs: 10.65g | Protein: 0.50g,https://foods.fatsecret.com/calories-nutrition/generic/pear-japanese-raw
6,2024,79.0,Per 100g - Calories: 29kcal | Fat: 0.20g | Carbs: 5.44g | Protein: 1.35g,https://foods.fatsecret.com/calories-nutrition/generic/tsukemono-japanese-pickles
6,2024,80.0,Per 100g - Calories: 30kcal | Fat: 0.10g | Carbs: 5.67g | Protein: 1.60g,https://foods.fatsecret.com/calories-nutrition/generic/cabbage-fresh-pickled-japanese-style
6,2024,81.0,Per 100g - Calories: 70kcal | Fat: 0.19g | Carbs: 18.59g | Protein: 0.58g,https://foods.fatsecret.com/calories-nutrition/usda/japanese-persimmons
6,2024,82.0,Per 100g - Calories: 154kcal | Fat: 0.53g | Carbs: 34.91g | Protein: 2.25g,https://foods.fatsecret.com/calories-nutrition/usda/japanese-chestnuts
6,2024,83.0,Per 100g - Calories: 56kcal | Fat: 0.19g | Carbs: 12.64g | Protein: 0.82g,https://foods.fatsecret.com/calories-nutrition/usda/japanese-chestnuts-(boiled-and-steamed)
6,2024,84.0,Per 100g - Calories: 30kcal | Fat: 0.10g | Carbs: 5.67g | Protein: 1.60g,https://foods.fatsecret.com/calories-nutrition/usda/japanese-style-cabbage-(pickled)
6,2024,85.0,Per 2 oz uncooked - Calories: 190kcal | Fat: 1.00g | Carbs: 41.00g | Protein: 5.00g,https://foods.fatsecret.com/calories-nutrition/japanfood/tomoshiraga-somen-noodles
6,2024,86.0,Per 1 serving - Calories: 190kcal | Fat: 1.00g | Carbs: 41.00g | Protein: 5.00g,https://foods.fatsecret.com/calories-nutrition/japanfood/tomoshiraga-somen-oriental-style-noodles
6,2024,87.0,Per 1 pack - Calories: 200kcal | Fat: 10.00g | Carbs: 20.00g | Protein: 8.00g,https://foods.fatsecret.com/calories-nutrition/japon/dry-roasted-crunchy-peanuts
6,2024,88.0,Per 1 serving - Calories: 590kcal | Fat: 14.00g | Carbs: 80.00g | Protein: 32.00g,https://foods.fatsecret.com/calories-nutrition/edo-japan/chicken-and-beef-teriyaki
6,2024,89.0,Per 1 serving  - Calories: 510kcal | Fat: 14.00g | Carbs: 62.00g | Protein: 37.00g,https://foods.fatsecret.com/calories-nutrition/edo-japan/chicken-yakisoba
6,2024,90.0,Per 1 order - Calories: 580kcal | Fat: 12.00g | Carbs: 80.00g | Protein: 33.00g,https://foods.fatsecret.com/calories-nutrition/edo-japan/teriyaki-chicken
6,2024,91.0,Per 1 meal - Calories: 480kcal | Fat: 10.60g | Carbs: 39.80g | Protein: 53.60g,https://foods.fatsecret.com/calories-nutrition/sarku-japan/chicken-teriyaki-combo-meal-(no-rice)
6,2024,92.0,Per 1 scoop - Calories: 45kcal | Fat: 0.00g | Carbs: 11.00g | Protein: 1.00g,https://foods.fatsecret.com/calories-nutrition/edo-japan/teriyaki-sauce
6,2024,93.0,Per 1 serving - Calories: 721kcal | Fat: 11.00g | Carbs: 93.00g | Protein: 56.00g,https://foods.fatsecret.com/calories-nutrition/sarku-japan/chicken-teriyaki-combo-meal
6,2024,94.0,Per 1 serving - Calories: 580kcal | Fat: 15.00g | Carbs: 80.00g | Protein: 32.00g,https://foods.fatsecret.com/calories-nutrition/edo-japan/sukiyaki-beef
6,2024,95.0,Per 1 meal - Calories: 640kcal | Fat: 24.00g | Carbs: 79.00g | Protein: 28.00g,https://foods.fatsecret.com/calories-nutrition/sarku-japan/chicken-teriyaki-with-steamed-rice
6,2024,96.0,Per 1 order - Calories: 190kcal | Fat: 9.00g | Carbs: 15.00g | Protein: 3.00g,https://foods.fatsecret.com/calories-nutrition/sarku-japan/vegetable-spring-roll
7,2024,97.0,Per 100g - Calories: 648kcal | Fat: 68.87g | Carbs: 0.00g | Protein: 6.27g,https://foods.fatsecret.com/calories-nutrition/usda/australian-lamb-fat
7,2024,98.0,Per 100g - Calories: 229kcal | Fat: 16.97g | Carbs: 0.00g | Protein: 17.84g,https://foods.fatsecret.com/calories-nutrition/usda/australian-lamb-(trimmed-to-1-8-fat)
7,2024,99.0,Per 100g - Calories: 195kcal | Fat: 12.68g | Carbs: 0.00g | Protein: 18.85g,https://foods.fatsecret.com/calories-nutrition/usda/australian-lamb-foreshank-(trimmed-to-1-8-fat)
7,2024,100.0,Per 100g - Calories: 289kcal | Fat: 24.20g | Carbs: 0.00g | Protein: 16.46g,https://foods.fatsecret.com/calories-nutrition/usda/australian-lamb-ribs-(trimmed-to-1-8-fat)
7,2024,101.0,Per 100g - Calories: 203kcal | Fat: 13.38g | Carbs: 0.00g | Protein: 19.32g,https://foods.fatsecret.com/calories-nutrition/usda/australian-lamb-loin-(trimmed-to-1-8-fat)
7,2024,102.0,Per 100g - Calories: 243kcal | Fat: 18.89g | Carbs: 0.00g | Protein: 17.06g,https://foods.fatsecret.com/calories-nutrition/usda/australian-lamb-shoulder-arm-(trimmed-to-1-8-fat)
7,2024,103.0,Per 100g - Calories: 142kcal | Fat: 6.18g | Carbs: 0.00g | Protein: 20.25g,https://foods.fatsecret.com/calories-nutrition/usda/australian-lamb-(lean-only-trimmed-to-1-8-fat)
7,2024,104.0,Per 100g - Calories: 262kcal | Fat: 21.28g | Carbs: 0.00g | Protein: 16.48g,https://foods.fatsecret.com/calories-nutrition/usda/australian-lamb-shoulder-blade-(trimmed-to-1-8-fat)
7,2024,105.0,Per 100g - Calories: 201kcal | Fat: 13.48g | Carbs: 0.00g | Protein: 18.59g,https://foods.fatsecret.com/calories-nutrition/usda/australian-lamb-leg-(shank-half-trimmed-to-1-8-fat)
7,2024,106.0,Per 100g - Calories: 146kcal | Fat: 6.24g | Carbs: 0.00g | Protein: 21.00g,https://foods.fatsecret.com/calories-nutrition/usda/australian-lamb-loin-(lean-only-trimmed-to-1-8-fat)
7,2024,107.0,Per 100g - Calories: 160kcal | Fat: 8.20g | Carbs: 0.00g | Protein: 20.12g,https://foods.fatsecret.com/calories-nutrition/usda/australian-lamb-ribs-(lean-only-trimmed-to-1-8-fat)
7,2024,108.0,Per 100g - Calories: 123kcal | Fat: 3.81g | Carbs: 0.00g | Protein: 20.83g,https://foods.fatsecret.com/calories-nutrition/usda/australian-lamb-foreshank-(lean-only-trimmed-to-1-8-fat)
7,2024,109.0,Per 100g - Calories: 254kcal | Fat: 20.00g | Carbs: 0.00g | Protein: 17.25g,https://foods.fatsecret.com/calories-nutrition/usda/australian-lamb-leg-(sirloin-half-boneless-trimmed-to-1-8-fat)
7,2024,110.0,Per 100g - Calories: 256kcal | Fat: 20.47g | Carbs: 0.00g | Protein: 16.68g,https://foods.fatsecret.com/calories-nutrition/usda/australian-lamb-shoulder-arm-and-blade-(trimmed-to-1-8-fat)
7,2024,111.0,Per 100g - Calories: 164kcal | Fat: 9.09g | Carbs: 0.00g | Protein: 19.10g,https://foods.fatsecret.com/calories-nutrition/usda/australian-lamb-shoulder-blade-(lean-only-trimmed-to-1-8-fat)
7,2024,112.0,Per 100g - Calories: 208kcal | Fat: 14.38g | Carbs: 0.00g | Protein: 18.33g,https://foods.fatsecret.com/calories-nutrition/usda/australian-lamb-leg-(sirloin-chops-boneless-trimmed-to-1-8-fat)
7,2024,113.0,Per 100g - Calories: 137kcal | Fat: 5.81g | Carbs: 0.00g | Protein: 19.88g,https://foods.fatsecret.com/calories-nutrition/usda/australian-lamb-shoulder-arm-(lean-only-trimmed-to-1-8-fat)
7,2024,114.0,Per 100g - Calories: 215kcal | Fat: 15.19g | Carbs: 0.00g | Protein: 18.24g,https://foods.fatsecret.com/calories-nutrition/usda/australian-lamb-leg-(whole-(shank-and-sirloin)-trimmed-to-1-8-fat)
7,2024,115.0,Per 100g - Calories: 133kcal | Fat: 5.10g | Carbs: 0.00g | Protein: 20.45g,https://foods.fatsecret.com/calories-nutrition/usda/australian-lamb-leg-(shank-half-lean-only-trimmed-to-1-8-fat)
7,2024,116.0,Per 100g - Calories: 195kcal | Fat: 12.56g | Carbs: 0.00g | Protein: 19.17g,https://foods.fatsecret.com/calories-nutrition/usda/australian-lamb-leg-(center-slice-bone-in-trimmed-to-1-8-fat)
8,2024,117.0,Per 3 nuts - Calories: 90kcal | Fat: 9.00g | Carbs: 2.00g | Protein: 2.00g,https://foods.fatsecret.com/calories-nutrition/terrasoul/raw-brazil-nuts
8,2024,117.0,Per 1/4 cup (12 nuts) - Calories: 200kcal | Fat: 20.00g | Carbs: 4.00g | Protein: 4.00g,https://foods.fatsecret.com/calories-nutrition/trader-joes/raw-brazil-nuts
8,2024,118.0,Per 6 nuts - Calories: 190kcal | Fat: 19.00g | Carbs: 3.00g | Protein: 4.00g,https://foods.fatsecret.com/calories-nutrition/meijer/brazil-nuts
8,2024,118.0,Per 1/4 cup - Calories: 200kcal | Fat: 20.00g | Carbs: 4.00g | Protein: 4.00g,https://foods.fatsecret.com/calories-nutrition/nature-to-go/brazil-nuts
8,2024,119.0,Per 5 nuts - Calories: 130kcal | Fat: 13.00g | Carbs: 2.00g | Protein: 3.00g,https://foods.fatsecret.com/calories-nutrition/now-real-food/organic-brazil-nuts
8,2024,118.0,Per 100g - Calories: 656kcal | Fat: 66.43g | Carbs: 12.27g | Protein: 14.32g,https://foods.fatsecret.com/calories-nutrition/generic/brazil-nuts
8,2024,120.0,Per 1/4 cup - Calories: 200kcal | Fat: 20.00g | Carbs: 4.00g | Protein: 4.00g,https://foods.fatsecret.com/calories-nutrition/diamond-of-california/shelled-brazil-nuts
8,2024,121.0,Per 6 kernels - Calories: 185kcal | Fat: 19.00g | Carbs: 3.00g | Protein: 4.00g,https://foods.fatsecret.com/calories-nutrition/food-to-live/raw-organic-brazil-nuts
8,2024,118.0,Per 1 oz  - Calories: 185kcal | Fat: 19.00g | Carbs: 3.00g | Protein: 4.00g,https://foods.fatsecret.com/calories-nutrition/orchard-fresh/brazil-nuts
8,2024,118.0,Per 1 oz - Calories: 205kcal | Fat: 21.00g | Carbs: 4.00g | Protein: 4.00g,https://foods.fatsecret.com/calories-nutrition/valued-naturals/brazil-nuts
8,2024,118.0,Per 8 nuts - Calories: 220kcal | Fat: 21.00g | Carbs: 3.00g | Protein: 4.00g,https://foods.fatsecret.com/calories-nutrition/woodstock-farms/brazil-nuts
8,2024,122.0,Per 5 pieces - Calories: 219kcal | Fat: 20.00g | Carbs: 14.00g | Protein: 6.00g,https://foods.fatsecret.com/calories-nutrition/next-organics/dark-chocolate-brazil-nuts
8,2024,118.0,Per 6 pieces - Calories: 200kcal | Fat: 19.00g | Carbs: 3.00g | Protein: 4.00g,https://foods.fatsecret.com/calories-nutrition/natures-garden/brazil-nuts
8,2024,117.0,Per 1/4 cup - Calories: 200kcal | Fat: 20.00g | Carbs: 4.00g | Protein: 4.00g,https://foods.fatsecret.com/calories-nutrition/basse/raw-brazil-nuts
8,2024,121.0,Per 1/2 oz - Calories: 105kcal | Fat: 10.00g | Carbs: 2.00g | Protein: 2.00g,https://foods.fatsecret.com/calories-nutrition/sunfood/raw-organic-brazil-nuts
8,2024,118.0,Per 11 pieces  - Calories: 200kcal | Fat: 20.00g | Carbs: 4.00g | Protein: 4.00g,https://foods.fatsecret.com/calories-nutrition/publix/brazil-nuts
8,2024,118.0,Per 1/4 cup - Calories: 200kcal | Fat: 19.00g | Carbs: 3.00g | Protein: 4.00g,https://foods.fatsecret.com/calories-nutrition/heb/brazil-nuts
8,2024,123.0,Per 4 tbsp - Calories: 190kcal | Fat: 16.00g | Carbs: 7.00g | Protein: 5.00g,https://foods.fatsecret.com/calories-nutrition/linwoods/ground-flaxseed-almonds-brazil-nuts-walnuts-and-q10
8,2024,124.0,Per 6 pieces - Calories: 200kcal | Fat: 14.00g | Carbs: 3.00g | Protein: 4.00g,https://foods.fatsecret.com/calories-nutrition/king-henrys/brazil-nut
8,2024,125.0,Per 9 nuts - Calories: 190kcal | Fat: 19.00g | Carbs: 3.00g | Protein: 4.00g,https://foods.fatsecret.com/calories-nutrition/natures-eats/brazil-nuts-raw-unsalted
9,2024,126.0,Per 1 zucchini with 1/4 cup sauce - Calories: 237kcal | Fat: 11.00g | Carbs: 26.00g | Protein: 12.00g,https://foods.fatsecret.com/calories-nutrition/real-appeal/kousa-mahshi-(egyptian-stuffed-zucchini)
9,2024,127.0,Per 1 tea bag (makes 8 fl oz) - Calories: 0kcal | Fat: 0.00g | Carbs: 0.00g | Protein: 0.00g,https://foods.fatsecret.com/calories-nutrition/yogi-tea/egyptian-licorice-mint
9,2024,128.0,Per 1 container - Calories: 380kcal | Fat: 15.00g | Carbs: 47.00g | Protein: 15.00g,https://foods.fatsecret.com/calories-nutrition/the-juice-press/egyptian-red-lentil-soup
9,2024,129.0,Per 1/2 cup - Calories: 160kcal | Fat: 5.00g | Carbs: 16.00g | Protein: 7.00g,https://foods.fatsecret.com/calories-nutrition/california-garden/peeled-fava-beans-egyptian-recipe
9,2024,130.0,Per 1 serving - Calories: 245kcal | Fat: 3.00g | Carbs: 41.00g | Protein: 15.00g,https://foods.fatsecret.com/calories-nutrition/real-appeal/egyptian-lentil-soup
10,2023,131.0,Per 1/3 cup  - Calories: 140kcal | Fat: 0.00g | Carbs: 34.00g | Protein: 0.00g,https://foods.fatsecret.com/calories-nutrition/sunsweet/thailand-mangoes
10,2023,132.0,Per 1 cup - Calories: 220kcal | Fat: 8.00g | Carbs: 29.00g | Protein: 8.00g,https://foods.fatsecret.com/calories-nutrition/hiland/chocolate-milk
10,2023,133.0,Per 1 cup - Calories: 100kcal | Fat: 2.50g | Carbs: 11.00g | Protein: 8.00g,https://foods.fatsecret.com/calories-nutrition/hiland/1%25-lowfat-milk
10,2023,134.0,Per 2 tbsp - Calories: 60kcal | Fat: 5.00g | Carbs: 2.00g | Protein: 1.00g,https://foods.fatsecret.com/calories-nutrition/hiland/french-onion-dip
10,2023,135.0,Per 2 tbsp - Calories: 40kcal | Fat: 2.50g | Carbs: 2.00g | Protein: 2.00g,https://foods.fatsecret.com/calories-nutrition/hiland/light-sour-cream
10,2023,136.0,Per 8 oz - Calories: 90kcal | Fat: 0.00g | Carbs: 14.00g | Protein: 8.00g,https://foods.fatsecret.com/calories-nutrition/hiland/lite-nonfat-vanilla-yogurt
10,2023,137.0,Per 1 cup - Calories: 150kcal | Fat: 8.00g | Carbs: 11.00g | Protein: 8.00g,https://foods.fatsecret.com/calories-nutrition/hiland/vitamin-d-milk
10,2023,138.0,Per 1 container - Calories: 70kcal | Fat: 0.00g | Carbs: 12.00g | Protein: 6.00g,https://foods.fatsecret.com/calories-nutrition/hiland/light-fat-free-strawberry-yogurt
10,2023,139.0,Per 1 tbsp - Calories: 100kcal | Fat: 11.00g | Carbs: 0.00g | Protein: 0.00g,https://foods.fatsecret.com/calories-nutrition/hiland/salted-butter-(4-quarters)
10,2023,140.0,Per 1 cup - Calories: 180kcal | Fat: 5.00g | Carbs: 26.00g | Protein: 7.00g,https://foods.fatsecret.com/calories-nutrition/hiland/strawberry-milk
10,2023,141.0,Per 1 cup - Calories: 120kcal | Fat: 5.00g | Carbs: 11.00g | Protein: 8.00g,https://foods.fatsecret.com/calories-nutrition/hiland/2%25-reduced-fat-milk
10,2023,142.0,Per 1 cup - Calories: 80kcal | Fat: 0.00g | Carbs: 11.00g | Protein: 8.00g,https://foods.fatsecret.com/calories-nutrition/hiland/fat-free-skim-milk/1-cup
10,2023,143.0,Per 1/2 cup - Calories: 100kcal | Fat: 5.00g | Carbs: 5.00g | Protein: 11.00g,https://foods.fatsecret.com/calories-nutrition/hiland/4%25-small-curd-cottage-cheese
10,2023,144.0,Per 1 cup - Calories: 90kcal | Fat: 2.50g | Carbs: 16.00g | Protein: 1.00g,https://foods.fatsecret.com/calories-nutrition/hiland/almond-milk-vanilla
10,2023,145.0,Per 1 serving - Calories: 175kcal | Fat: 2.00g | Carbs: 33.00g | Protein: 7.00g,https://foods.fatsecret.com/calories-nutrition/hiland/lowfat-peach-yogurt
10,2023,146.0,Per 1 oz - Calories: 110kcal | Fat: 9.00g | Carbs: 1.00g | Protein: 7.00g,https://foods.fatsecret.com/calories-nutrition/hiland/pepper-jack-cheese
10,2023,147.0,Per 1 cup - Calories: 30kcal | Fat: 3.00g | Carbs: 2.00g | Protein: 1.00g,https://foods.fatsecret.com/calories-nutrition/hiland/almond-milk-unsweetened-vanilla
10,2023,148.0,Per 2/3 cup - Calories: 150kcal | Fat: 5.00g | Carbs: 25.00g | Protein: 3.00g,https://foods.fatsecret.com/calories-nutrition/hiland/vanilla-light-ice-cream
10,2023,149.0,Per 1 tbsp - Calories: 35kcal | Fat: 1.50g | Carbs: 5.00g | Protein: 0.00g,https://foods.fatsecret.com/calories-nutrition/hiland/french-vanilla-coffee-creamer
10,2023,150.0,Per 1/4 cup - Calories: 140kcal | Fat: 7.00g | Carbs: 18.00g | Protein: 4.00g,https://foods.fatsecret.com/calories-nutrition/journey-to-thailand/thai-peanut-sauce
9,2023,126.0,Per 1 zucchini with 1/4 cup sauce - Calories: 237kcal | Fat: 11.00g | Carbs: 26.00g | Protein: 12.00g,https://foods.fatsecret.com/calories-nutrition/real-appeal/kousa-mahshi-(egyptian-stuffed-zucchini)
9,2023,127.0,Per 1 tea bag (makes 8 fl oz) - Calories: 0kcal | Fat: 0.00g | Carbs: 0.00g | Protein: 0.00g,https://foods.fatsecret.com/calories-nutrition/yogi-tea/egyptian-licorice-mint
9,2023,128.0,Per 1 container - Calories: 380kcal | Fat: 15.00g | Carbs: 47.00g | Protein: 15.00g,https://foods.fatsecret.com/calories-nutrition/the-juice-press/egyptian-red-lentil-soup
9,2023,129.0,Per 1/2 cup - Calories: 160kcal | Fat: 5.00g | Carbs: 16.00g | Protein: 7.00g,https://foods.fatsecret.com/calories-nutrition/california-garden/peeled-fava-beans-egyptian-recipe
9,2023,130.0,Per 1 serving - Calories: 245kcal | Fat: 3.00g | Carbs: 41.00g | Protein: 15.00g,https://foods.fatsecret.com/calories-nutrition/real-appeal/egyptian-lentil-soup
11,2023,151.0,Per 1 serving - Calories: 220kcal | Fat: 0.00g | Carbs: 58.00g | Protein: 0.00g,https://foods.fatsecret.com/calories-nutrition/papa-johns/pepsi-mexico-12-oz
11,2023,152.0,Per 1 taco - Calories: 188kcal | Fat: 3.00g | Carbs: 27.00g | Protein: 13.00g,https://foods.fatsecret.com/calories-nutrition/la-salsa/mexico-city-chicken-tacos
11,2023,153.0,Per 1 taco - Calories: 190kcal | Fat: 3.00g | Carbs: 27.00g | Protein: 11.00g,https://foods.fatsecret.com/calories-nutrition/la-salsa/mexico-city-steak-tacos
11,2023,154.0,Per 1 serving - Calories: 150kcal | Fat: 0.00g | Carbs: 39.00g | Protein: 0.00g,https://foods.fatsecret.com/calories-nutrition/el-pollo-loco/coca-cola-de-mexico
11,2023,155.0,Per 1/4 cup - Calories: 10kcal | Fat: 0.00g | Carbs: 6.00g | Protein: 1.00g,https://foods.fatsecret.com/calories-nutrition/santa-fe-ole/roasted-green-new-mexico-chile
11,2023,156.0,Per 1 cup - Calories: 220kcal | Fat: 11.00g | Carbs: 24.00g | Protein: 13.00g,https://foods.fatsecret.com/calories-nutrition/trader-joes/new-mexico-style-chicken-chilaquiles
11,2023,157.0,Per 2 tbsp - Calories: 10kcal | Fat: 0.00g | Carbs: 2.00g | Protein: 0.00g,https://foods.fatsecret.com/calories-nutrition/private-selection/new-mexico-green-chili-salsa
11,2023,158.0,Per 1 bar - Calories: 210kcal | Fat: 10.00g | Carbs: 20.00g | Protein: 3.00g,https://foods.fatsecret.com/calories-nutrition/helados-mexico/coco-coconut-premium-ice-cream-bars
11,2023,159.0,Per 1 bar - Calories: 150kcal | Fat: 7.00g | Carbs: 20.00g | Protein: 2.00g,https://foods.fatsecret.com/calories-nutrition/helados-mexico/fresa-strawberry-premium-ice-cream-bars
11,2023,160.0,Per 1 bar - Calories: 180kcal | Fat: 11.00g | Carbs: 19.00g | Protein: 3.00g,https://foods.fatsecret.com/calories-nutrition/helados-mexico/nuez-pecan-premium-ice-cream-bars
11,2023,161.0,Per 1 tortilla - Calories: 170kcal | Fat: 3.00g | Carbs: 30.00g | Protein: 5.00g,https://foods.fatsecret.com/calories-nutrition/tortillas-mexico/home-style-flour-tortillas
11,2023,162.0,Per 1 tortilla  - Calories: 110kcal | Fat: 2.00g | Carbs: 19.00g | Protein: 3.00g,https://foods.fatsecret.com/calories-nutrition/tortillas-mexico/fajita-style-tortilla
11,2023,163.0,Per 1 bar - Calories: 230kcal | Fat: 12.00g | Carbs: 29.00g | Protein: 4.00g,https://foods.fatsecret.com/calories-nutrition/helados-mexico/chicle
11,2023,164.0,Per 1 bar - Calories: 60kcal | Fat: 0.00g | Carbs: 16.00g | Protein: 0.00g,https://foods.fatsecret.com/calories-nutrition/helados-mexico/premium-fruit-bars
11,2023,165.0,Per 1 tortilla - Calories: 200kcal | Fat: 4.50g | Carbs: 34.00g | Protein: 5.00g,https://foods.fatsecret.com/calories-nutrition/tortillas-mexico/burrito-sized-flour-tortillas
11,2023,166.0,Per 1 bar - Calories: 170kcal | Fat: 8.00g | Carbs: 31.00g | Protein: 3.00g,https://foods.fatsecret.com/calories-nutrition/helados-mexico/bolis-de-crema
11,2023,167.0,Per 1 bar - Calories: 90kcal | Fat: 0.00g | Carbs: 23.00g | Protein: 0.00g,https://foods.fatsecret.com/calories-nutrition/helados-mexico/mangonada-con-chamoy
11,2023,168.0,Per 1 bar - Calories: 140kcal | Fat: 7.00g | Carbs: 19.00g | Protein: 2.00g,https://foods.fatsecret.com/calories-nutrition/helados-mexico/mango-premium-ice-cream-bars
11,2023,169.0,Per 2 tortillas - Calories: 100kcal | Fat: 1.00g | Carbs: 21.00g | Protein: 3.00g,https://foods.fatsecret.com/calories-nutrition/tortillas-mexico/corn-tortillas
11,2023,170.0,Per 1/3 medium - Calories: 80kcal | Fat: 8.00g | Carbs: 1.00g | Protein: 1.00g,https://foods.fatsecret.com/calories-nutrition/avocados-from-mexico/avocado
2,2023,,,
12,2023,171.0,Per 1 serving - Calories: 930kcal | Fat: 49.00g | Carbs: 100.00g | Protein: 31.00g,https://foods.fatsecret.com/calories-nutrition/logans-roadhouse/spin-dip
12,2023,172.0,Per 1 slice - Calories: 140kcal | Fat: 1.50g | Carbs: 28.00g | Protein: 4.00g,https://foods.fatsecret.com/calories-nutrition/labrea-bakery/pain-rustique
12,2023,173.0,Per 1 bread - Calories: 230kcal | Fat: 13.00g | Carbs: 24.00g | Protein: 3.00g,https://foods.fatsecret.com/calories-nutrition/paris-baguette/pain-au-chocolat
12,2023,174.0,Per 1 serving - Calories: 230kcal | Fat: 1.00g | Carbs: 49.00g | Protein: 7.00g,https://foods.fatsecret.com/calories-nutrition/kneaders/petit-pain-rolls
12,2023,175.0,Per 1 - Calories: 130kcal | Fat: 0.50g | Carbs: 27.00g | Protein: 5.00g,https://foods.fatsecret.com/calories-nutrition/trader-joes/pain-de-campagne
12,2023,176.0,Per 1 roll - Calories: 399kcal | Fat: 13.00g | Carbs: 60.00g | Protein: 11.00g,https://foods.fatsecret.com/calories-nutrition/ace-bakery/pain-au-lait
12,2023,174.0,Per 1 roll - Calories: 100kcal | Fat: 0.00g | Carbs: 21.00g | Protein: 4.00g,https://foods.fatsecret.com/calories-nutrition/hannaford/petit-pain-rolls
12,2023,177.0,Per 1/5 loaf - Calories: 170kcal | Fat: 1.00g | Carbs: 36.00g | Protein: 5.00g,https://foods.fatsecret.com/calories-nutrition/trader-joes/petite-pain-pauline
12,2023,176.0,Per 1 roll - Calories: 130kcal | Fat: 4.50g | Carbs: 19.00g | Protein: 3.00g,https://foods.fatsecret.com/calories-nutrition/trader-joes/pain-au-lait
12,2023,178.0,Per 1 serving - Calories: 120kcal | Fat: 0.50g | Carbs: 25.00g | Protein: 4.00g,https://foods.fatsecret.com/calories-nutrition/acme/pain-au-levain
12,2023,179.0,Per 1 slice - Calories: 120kcal | Fat: 0.50g | Carbs: 25.00g | Protein: 4.00g,https://foods.fatsecret.com/calories-nutrition/essential-baking-company/pain-du-george
12,2023,180.0,Per 1 slice - Calories: 120kcal | Fat: 0.00g | Carbs: 24.00g | Protein: 4.00g,https://foods.fatsecret.com/calories-nutrition/whole-foods-market/pain-de-campagne-bread
12,2023,181.0,Per 1 slice - Calories: 110kcal | Fat: 2.00g | Carbs: 22.00g | Protein: 5.00g,https://foods.fatsecret.com/calories-nutrition/kirkland-signature/organic-loaf-pain-biologique
12,2023,182.0,Per 8 pieces - Calories: 70kcal | Fat: 2.00g | Carbs: 13.00g | Protein: 2.00g,https://foods.fatsecret.com/calories-nutrition/ile-de-france/le-petit-pain-grille
12,2023,183.0,Per 1 roll - Calories: 110kcal | Fat: 2.50g | Carbs: 19.00g | Protein: 3.00g,https://foods.fatsecret.com/calories-nutrition/central-market/pain-au-lait-rolls
12,2023,184.0,"Per 2 1/2"" slice - Calories: 140kcal | Fat: 2.00g | Carbs: 25.00g | Protein: 4.00g",https://foods.fatsecret.com/calories-nutrition/wegmans/round-pain-de-campagne-bread
12,2023,185.0,Per 1 serving - Calories: 1152kcal | Fat: 38.00g | Carbs: 170.00g | Protein: 34.00g,https://foods.fatsecret.com/calories-nutrition/mimis-cafe/pain-perdu-with-mixed-berries
12,2023,186.0,Per 1 roll - Calories: 160kcal | Fat: 7.00g | Carbs: 18.00g | Protein: 3.00g,https://foods.fatsecret.com/calories-nutrition/trader-joes/pain-au-lait-chocolate-chip
12,2023,187.0,Per 1/8 loaf - Calories: 170kcal | Fat: 2.00g | Carbs: 32.00g | Protein: 5.00g,https://foods.fatsecret.com/calories-nutrition/trader-joes/pain-rustique-country-style-french-bread
12,2023,188.0,Per 1 serving - Calories: 1520kcal | Fat: 71.00g | Carbs: 171.00g | Protein: 50.00g,https://foods.fatsecret.com/calories-nutrition/mimis-cafe/pain-perdu-with-mixed-berries-with-protein-choice-pork-sausage
4,2023,40.0,Per 1 tbsp - Calories: 20kcal | Fat: 0.00g | Carbs: 5.00g | Protein: 0.00g,https://foods.fatsecret.com/calories-nutrition/heinz/india-relish
4,2023,41.0,Per 1 bottle - Calories: 183kcal | Fat: 0.00g | Carbs: 44.00g | Protein: 1.40g,https://foods.fatsecret.com/calories-nutrition/malta-india/malta-india-(355ml)
4,2023,42.0,Per 1 bottle - Calories: 110kcal | Fat: 0.00g | Carbs: 26.00g | Protein: 0.00g,https://foods.fatsecret.com/calories-nutrition/malta-india/malta-india-(207ml)
4,2023,43.0,Per 1 serving - Calories: 150kcal | Fat: 0.00g | Carbs: 11.00g | Protein: 0.00g,https://foods.fatsecret.com/calories-nutrition/perkins-restaurant/india-pale-ale
4,2023,43.0,Per 1 bottle - Calories: 210kcal | Fat: 0.00g | Carbs: 40.00g | Protein: 1.00g,https://foods.fatsecret.com/calories-nutrition/odell/india-pale-ale
4,2023,43.0,Per 1 bottle - Calories: 145kcal | Fat: 0.00g | Carbs: 11.00g | Protein: 0.00g,https://foods.fatsecret.com/calories-nutrition/alexander-keiths/india-pale-ale
4,2023,43.0,Per 1 bottle - Calories: 195kcal | Fat: 0.00g | Carbs: 17.00g | Protein: 0.00g,https://foods.fatsecret.com/calories-nutrition/kirkland-signature/india-pale-ale
4,2023,44.0,Per 1/4 cup - Calories: 160kcal | Fat: 0.00g | Carbs: 36.00g | Protein: 4.00g,https://foods.fatsecret.com/calories-nutrition/trader-joes/basmati-rice-from-india
4,2023,45.0,Per 1 tea bag - Calories: 0kcal | Fat: 0.00g | Carbs: 0.00g | Protein: 0.00g,https://foods.fatsecret.com/calories-nutrition/celestial-seasonings/india-spice-chai-tea
4,2023,46.0,Per 1 bottle - Calories: 200kcal | Fat: 0.00g | Carbs: 15.00g | Protein: 0.00g,https://foods.fatsecret.com/calories-nutrition/sweetwater/india-pale-ale-(ipa)
4,2023,47.0,Per 532g - Calories: 1656kcal | Fat: 61.70g | Carbs: 227.43g | Protein: 45.20g,https://foods.fatsecret.com/calories-nutrition/generic/naan-indian-flatbread
4,2023,48.0,Per 1 package - Calories: 490kcal | Fat: 18.00g | Carbs: 61.00g | Protein: 21.00g,https://foods.fatsecret.com/calories-nutrition/wegmans/travels-of-india-butter-chicken
4,2023,49.0,Per 1924g - Calories: 2539kcal | Fat: 69.06g | Carbs: 399.96g | Protein: 82.34g,https://foods.fatsecret.com/calories-nutrition/generic/pudding-indian-(milk-molasses-and-cornmeal-based-pudding)
4,2023,50.0,Per 100g - Calories: 26kcal | Fat: 0.20g | Carbs: 5.64g | Protein: 0.52g,https://foods.fatsecret.com/calories-nutrition/usda/indian-squash-(navajo)
4,2023,51.0,Per 100g - Calories: 16kcal | Fat: 0.15g | Carbs: 3.22g | Protein: 0.31g,https://foods.fatsecret.com/calories-nutrition/usda/indian-squash-(cooked-boiled)-(navajo)
4,2023,52.0,Per 100g - Calories: 330kcal | Fat: 12.22g | Carbs: 48.26g | Protein: 6.69g,https://foods.fatsecret.com/calories-nutrition/usda/indian-bread-made-with-lard-(navajo)
4,2023,53.0,Per 669g - Calories: 2611kcal | Fat: 158.24g | Carbs: 274.71g | Protein: 37.69g,https://foods.fatsecret.com/calories-nutrition/generic/ladoo-round-ball-asian-indian-dessert
4,2023,54.0,Per 1 Bottle - Calories: 107kcal | Fat: 0.00g | Carbs: 26.00g | Protein: 0.60g,https://foods.fatsecret.com/calories-nutrition/india/malta
4,2023,55.0,Per 3904g - Calories: 5543kcal | Fat: 121.02g | Carbs: 979.45g | Protein: 138.19g,https://foods.fatsecret.com/calories-nutrition/generic/pudding-rice-flour-with-nuts-(indian-dessert)
4,2023,56.0,Per 1/4 cup dry - Calories: 160kcal | Fat: 0.00g | Carbs: 35.00g | Protein: 4.00g,https://foods.fatsecret.com/calories-nutrition/india-gate/basmati-rice
13,2023,189.0,Per 100g - Calories: 104kcal | Fat: 1.66g | Carbs: 4.21g | Protein: 17.07g,https://foods.fatsecret.com/calories-nutrition/usda/turkey-breast-meat
13,2023,190.0,Per 4 slices - Calories: 60kcal | Fat: 1.50g | Carbs: 2.00g | Protein: 10.00g,https://foods.fatsecret.com/calories-nutrition/hillshire-farm/oven-roasted-turkey-breast
13,2023,191.0,Per 100g - Calories: 104kcal | Fat: 1.66g | Carbs: 4.21g | Protein: 17.07g,https://foods.fatsecret.com/calories-nutrition/generic/turkey-or-chicken-breast-prepackaged-or-deli-luncheon-meat
13,2023,192.0,Per 100g - Calories: 119kcal | Fat: 2.86g | Carbs: 0.00g | Protein: 21.77g,https://foods.fatsecret.com/calories-nutrition/usda/turkey-meat
13,2023,193.0,Per 5 slices - Calories: 50kcal | Fat: 1.00g | Carbs: 2.00g | Protein: 9.00g,https://foods.fatsecret.com/calories-nutrition/oscar-mayer/thin-sliced-turkey-breast
13,2023,194.0,Per 100g - Calories: 170kcal | Fat: 4.97g | Carbs: 0.00g | Protein: 29.32g,https://foods.fatsecret.com/calories-nutrition/usda/turkey-meat-(cooked-roasted)
13,2023,195.0,Per 4 oz - Calories: 170kcal | Fat: 8.00g | Carbs: 0.00g | Protein: 22.00g,https://foods.fatsecret.com/calories-nutrition/jennie-o/lean-ground-turkey
13,2023,196.0,Per 2 oz - Calories: 70kcal | Fat: 0.50g | Carbs: 2.00g | Protein: 14.00g,https://foods.fatsecret.com/calories-nutrition/boars-head/maple-glazed-honey-coat-turkey-breast
13,2023,197.0,Per 100g - Calories: 187kcal | Fat: 7.02g | Carbs: 0.00g | Protein: 28.90g,https://foods.fatsecret.com/calories-nutrition/generic/turkey
13,2023,198.0,Per 1 slice - Calories: 40kcal | Fat: 1.50g | Carbs: 2.00g | Protein: 4.00g,https://foods.fatsecret.com/calories-nutrition/butterball/oven-roasted-white-turkey
13,2023,199.0,Per 4 oz - Calories: 120kcal | Fat: 0.50g | Carbs: 0.00g | Protein: 28.00g,https://foods.fatsecret.com/calories-nutrition/zacky-farms/turkey-breast-cutlet
13,2023,200.0,Per 2 oz - Calories: 50kcal | Fat: 1.00g | Carbs: 2.00g | Protein: 9.00g,https://foods.fatsecret.com/calories-nutrition/kroger/deli-thin-smoked-turkey-breast
13,2023,201.0,Per 100g - Calories: 125kcal | Fat: 4.38g | Carbs: 0.00g | Protein: 20.07g,https://foods.fatsecret.com/calories-nutrition/usda/turkey-dark-meat
13,2023,202.0,Per 4 slices - Calories: 60kcal | Fat: 1.50g | Carbs: 3.00g | Protein: 8.00g,https://foods.fatsecret.com/calories-nutrition/healthy-ones/deli-thin-sliced-smoked-turkey-breast
13,2023,203.0,Per 3 slices - Calories: 60kcal | Fat: 2.00g | Carbs: 1.00g | Protein: 9.00g,https://foods.fatsecret.com/calories-nutrition/oscar-mayer/98%25-fat-free-deli-thin-oven-roasted-turkey-breast
13,2023,204.0,Per 100g - Calories: 149kcal | Fat: 8.26g | Carbs: 0.00g | Protein: 17.46g,https://foods.fatsecret.com/calories-nutrition/usda/ground-turkey
13,2023,205.0,Per 6 slices - Calories: 90kcal | Fat: 5.00g | Carbs: 2.00g | Protein: 9.00g,https://foods.fatsecret.com/calories-nutrition/winn-dixie/smoked-turkey-breast
13,2023,206.0,Per 100g - Calories: 172kcal | Fat: 6.24g | Carbs: 0.00g | Protein: 27.01g,https://foods.fatsecret.com/calories-nutrition/generic/turkey-light-or-dark-meat-stewed
13,2023,207.0,Per 1 serving - Calories: 50kcal | Fat: 1.00g | Carbs: 2.00g | Protein: 9.00g,https://foods.fatsecret.com/calories-nutrition/jennie-o/applewood-smoked-turkey-breast
13,2023,208.0,Per 100g - Calories: 129kcal | Fat: 4.79g | Carbs: 0.00g | Protein: 20.06g,https://foods.fatsecret.com/calories-nutrition/usda/turkey-dark-meat-and-skin-(fryer-roasters)
14,2023,209.0,Per 996g - Calories: 1217kcal | Fat: 104.10g | Carbs: 66.58g | Protein: 9.60g,https://foods.fatsecret.com/calories-nutrition/generic/russian-salad
14,2023,210.0,Per 120g - Calories: 456kcal | Fat: 4.68g | Carbs: 1.47g | Protein: 103.89g,https://foods.fatsecret.com/calories-nutrition/generic/russian-protein
14,2023,211.0,Per 100g - Calories: 355kcal | Fat: 26.18g | Carbs: 31.01g | Protein: 1.60g,https://foods.fatsecret.com/calories-nutrition/generic/russian-dressing
14,2023,212.0,Per 1668g - Calories: 967kcal | Fat: 0.17g | Carbs: 248.18g | Protein: 0.83g,https://foods.fatsecret.com/calories-nutrition/generic/tea-russian
14,2023,213.0,Per 100g - Calories: 355kcal | Fat: 26.18g | Carbs: 31.01g | Protein: 1.60g,https://foods.fatsecret.com/calories-nutrition/usda/russian-salad-dressing
14,2023,214.0,Per 100g - Calories: 141kcal | Fat: 4.00g | Carbs: 27.60g | Protein: 0.50g,https://foods.fatsecret.com/calories-nutrition/usda/russian-salad-dressing-(low-calorie)
14,2023,215.0,Per 100g - Calories: 258kcal | Fat: 1.27g | Carbs: 16.72g | Protein: 0.33g,https://foods.fatsecret.com/calories-nutrition/generic/white-russian
14,2023,216.0,Per 90g - Calories: 245kcal | Fat: 0.11g | Carbs: 16.29g | Protein: 0.04g,https://foods.fatsecret.com/calories-nutrition/generic/black-russian
14,2023,217.0,Per 100g - Calories: 141kcal | Fat: 4.00g | Carbs: 27.60g | Protein: 0.50g,https://foods.fatsecret.com/calories-nutrition/generic/russian-dressing-low-calorie
14,2023,218.0,Per 1 tbsp - Calories: 40kcal | Fat: 1.50g | Carbs: 1.00g | Protein: 5.00g,https://foods.fatsecret.com/calories-nutrition/russian-traditional-style/salmon-caviar
14,2023,219.0,Per 1 bottle - Calories: 183kcal | Fat: 0.00g | Carbs: 12.00g | Protein: 0.00g,https://foods.fatsecret.com/calories-nutrition/russian-river-brewery/blind-pig-ipa
14,2023,211.0,Per 2 tbsp - Calories: 70kcal | Fat: 2.50g | Carbs: 12.00g | Protein: 0.00g,https://foods.fatsecret.com/calories-nutrition/kroger/russian-dressing
14,2023,211.0,Per 2 tbsp - Calories: 140kcal | Fat: 14.00g | Carbs: 5.00g | Protein: 0.00g,https://foods.fatsecret.com/calories-nutrition/kens-steak-house/russian-dressing
14,2023,211.0,Per 1 tbsp - Calories: 60kcal | Fat: 4.00g | Carbs: 5.00g | Protein: 0.10g,https://foods.fatsecret.com/calories-nutrition/kraft/russian-dressing
14,2023,215.0,Per 1 bottle - Calories: 179kcal | Fat: 12.00g | Carbs: 58.00g | Protein: 2.00g,https://foods.fatsecret.com/calories-nutrition/kahlua/white-russian
14,2023,220.0,Per 1 slice - Calories: 80kcal | Fat: 7.00g | Carbs: 0.00g | Protein: 6.00g,https://foods.fatsecret.com/calories-nutrition/svalya/russian-cheese
14,2023,221.0,Per 3 slices - Calories: 140kcal | Fat: 1.00g | Carbs: 29.00g | Protein: 4.00g,https://foods.fatsecret.com/calories-nutrition/cinderella/russian-white
14,2023,211.0,Per 2 tbsp - Calories: 0kcal | Fat: 0.00g | Carbs: 0.00g | Protein: 0.00g,https://foods.fatsecret.com/calories-nutrition/walden-farms/russian-dressing
14,2023,222.0,Per 1 cup - Calories: 100kcal | Fat: 0.00g | Carbs: 15.00g | Protein: 14.00g,https://foods.fatsecret.com/calories-nutrition/latta/russian-kefir
14,2023,215.0,Per 1 can - Calories: 540kcal | Fat: 14.00g | Carbs: 38.00g | Protein: 3.00g,https://foods.fatsecret.com/calories-nutrition/cutwater/white-russian
15,2023,223.0,Per 1 serving - Calories: 592kcal | Fat: 24.00g | Carbs: 41.00g | Protein: 53.00g,https://foods.fatsecret.com/calories-nutrition/the-everyday-high-protein-handbook/south-african-bobotie
15,2023,224.0,Per 17 chips - Calories: 150kcal | Fat: 9.00g | Carbs: 17.00g | Protein: 2.00g,https://foods.fatsecret.com/calories-nutrition/trader-joes/potato-chips-with-south-african-style-seasoning
15,2023,225.0,Per 1 scoop - Calories: 380kcal | Fat: 31.00g | Carbs: 6.00g | Protein: 14.00g,https://foods.fatsecret.com/calories-nutrition/chicken-salad-chick/olivias-old-south
15,2023,226.0,Per 4 pancakes - Calories: 475kcal | Fat: 6.00g | Carbs: 48.00g | Protein: 54.00g,https://foods.fatsecret.com/calories-nutrition/protein-house/south-beach-pancakes
15,2023,227.0,Per 1 cup - Calories: 81kcal | Fat: 6.00g | Carbs: 5.00g | Protein: 2.00g,https://foods.fatsecret.com/calories-nutrition/south-beach-diet/surprise-south-beach-mashed-potatoes
15,2023,228.0,Per 1 packet - Calories: 90kcal | Fat: 1.00g | Carbs: 5.00g | Protein: 15.00g,https://foods.fatsecret.com/calories-nutrition/wellness-choice/south-western-omelet-mix
15,2023,229.0,Per 1 container - Calories: 560kcal | Fat: 25.00g | Carbs: 65.00g | Protein: 21.00g,https://foods.fatsecret.com/calories-nutrition/veestro/south-indian-coconut-stew
15,2023,230.0,Per 1 tray - Calories: 620kcal | Fat: 34.00g | Carbs: 42.00g | Protein: 34.00g,https://foods.fatsecret.com/calories-nutrition/freshly/due-south-bbq-beef
15,2023,231.0,Per 1 package - Calories: 420kcal | Fat: 10.00g | Carbs: 41.00g | Protein: 43.00g,https://foods.fatsecret.com/calories-nutrition/megafit-meals/south-of-the-border-chicken
15,2023,232.0,Per 1 serving - Calories: 250kcal | Fat: 0.00g | Carbs: 41.00g | Protein: 0.00g,https://foods.fatsecret.com/calories-nutrition/outback-steakhouse/new-south-wales-sangria-individual
15,2023,233.0,Per 1 serving - Calories: 840kcal | Fat: 38.00g | Carbs: 59.00g | Protein: 66.00g,https://foods.fatsecret.com/calories-nutrition/texas-roadhouse/pulled-pork-sandwich-south-carolina
15,2023,234.0,Per 1 serving - Calories: 850kcal | Fat: 38.00g | Carbs: 51.00g | Protein: 77.00g,https://foods.fatsecret.com/calories-nutrition/texas-roadhouse/pulled-pork-dinner-south-carolina
15,2023,235.0,Per 1 serving - Calories: 320kcal | Fat: 11.00g | Carbs: 28.00g | Protein: 29.00g,https://foods.fatsecret.com/calories-nutrition/betty-crocker/grilled-south-west-shrimp-salad
15,2023,236.0,Per 1 serving - Calories: 380kcal | Fat: 0.00g | Carbs: 100.00g | Protein: 0.00g,https://foods.fatsecret.com/calories-nutrition/culvers/fresh-brewed-sweet-tea-(south)-large
15,2023,237.0,Per 1 serving - Calories: 260kcal | Fat: 0.00g | Carbs: 69.00g | Protein: 0.00g,https://foods.fatsecret.com/calories-nutrition/culvers/fresh-brewed-sweet-tea-(south)-medium
15,2023,238.0,Per 1 serving - Calories: 190kcal | Fat: 0.00g | Carbs: 50.00g | Protein: 0.00g,https://foods.fatsecret.com/calories-nutrition/culvers/fresh-brewed-sweet-tea-(south)-small
15,2023,239.0,Per 2 tbsp - Calories: 10kcal | Fat: 0.00g | Carbs: 2.00g | Protein: 0.00g,https://foods.fatsecret.com/calories-nutrition/arriba/fire-roasted-mexican-green-salsa
15,2023,240.0,Per 2 tbsp - Calories: 10kcal | Fat: 0.00g | Carbs: 2.00g | Protein: 0.00g,https://foods.fatsecret.com/calories-nutrition/arriba/fire-roasted-mexican-chipotle-salsa
15,2023,241.0,Per 2 tbsp - Calories: 10kcal | Fat: 0.00g | Carbs: 2.00g | Protein: 0.00g,https://foods.fatsecret.com/calories-nutrition/arriba/roasted-mexican-red-salsa
15,2023,242.0,Per 2 tbsp - Calories: 10kcal | Fat: 0.00g | Carbs: 2.00g | Protein: 0.00g,https://foods.fatsecret.com/calories-nutrition/arriba/fire-roasted-mexican-red-salsa
5,2023,57.0,Per 1 serving - Calories: 140kcal | Fat: 0.00g | Carbs: 3.00g | Protein: 0.00g,https://foods.fatsecret.com/calories-nutrition/california-pizza-kitchen/m-chapoutier-belleruche-rose-cotes-du-rhone-france
5,2023,58.0,Per 1 serving - Calories: 590kcal | Fat: 0.00g | Carbs: 11.00g | Protein: 1.00g,https://foods.fatsecret.com/calories-nutrition/california-pizza-kitchen/m-chapoutier-belleruche-rose-cotes-du-rhone-france-bottle
5,2023,59.0,Per 100g - Calories: 85kcal | Fat: 0.00g | Carbs: 2.45g | Protein: 0.07g,https://foods.fatsecret.com/calories-nutrition/usda/cabernet-franc-wine
5,2023,60.0,Per 1/2 cup - Calories: 60kcal | Fat: 1.00g | Carbs: 11.00g | Protein: 2.00g,https://foods.fatsecret.com/calories-nutrition/francesco-rinaldi/traditional-marinara-sauce
5,2023,61.0,Per 1/2 cup - Calories: 100kcal | Fat: 4.50g | Carbs: 15.00g | Protein: 2.00g,https://foods.fatsecret.com/calories-nutrition/francesco-rinaldi/super-mushroom-pasta-sauce
5,2023,62.0,Per 1/2 cup - Calories: 70kcal | Fat: 2.00g | Carbs: 13.00g | Protein: 2.00g,https://foods.fatsecret.com/calories-nutrition/francesco-rinaldi/tomato-garlic-and-onion-chunky-garden-pasta-sauce
5,2023,63.0,Per 1/2 cup - Calories: 60kcal | Fat: 1.00g | Carbs: 10.00g | Protein: 2.00g,https://foods.fatsecret.com/calories-nutrition/francesco-rinaldi/no-salt-added-traditional-pasta-sauce
5,2023,64.0,Per 1/2 cup - Calories: 90kcal | Fat: 4.50g | Carbs: 12.00g | Protein: 2.00g,https://foods.fatsecret.com/calories-nutrition/francesco-rinaldi/eggplant-and-parmesan-sauce
5,2023,65.0,Per 1/2 cup - Calories: 70kcal | Fat: 2.00g | Carbs: 12.00g | Protein: 2.00g,https://foods.fatsecret.com/calories-nutrition/francesco-rinaldi/meat-flavored-traditional-pasta-sauce
5,2023,66.0,Per 1/4 cup - Calories: 20kcal | Fat: 0.00g | Carbs: 4.00g | Protein: 1.00g,https://foods.fatsecret.com/calories-nutrition/francesco-rinaldi/pizza-sauce
5,2023,67.0,Per 1/2 cup - Calories: 60kcal | Fat: 1.00g | Carbs: 12.00g | Protein: 2.00g,https://foods.fatsecret.com/calories-nutrition/francesco-rinaldi/tomato-garlic-onion-pasta-sauce
5,2023,68.0,Per 1/4 cup - Calories: 60kcal | Fat: 8.00g | Carbs: 2.00g | Protein: 2.00g,https://foods.fatsecret.com/calories-nutrition/francesco-rinaldi/four-cheese-alfredo
5,2023,69.0,Per 1/2 cup - Calories: 50kcal | Fat: 2.50g | Carbs: 11.00g | Protein: 2.00g,https://foods.fatsecret.com/calories-nutrition/francesco-rinaldi/garden-combo-chunky-garden-style-sauce
5,2023,70.0,Per 1/4 cup - Calories: 60kcal | Fat: 4.50g | Carbs: 3.00g | Protein: 1.00g,https://foods.fatsecret.com/calories-nutrition/francesco-rinaldi/alfredo-sauce
5,2023,71.0,Per 1/2 cup - Calories: 80kcal | Fat: 1.00g | Carbs: 16.00g | Protein: 2.00g,https://foods.fatsecret.com/calories-nutrition/francesco-rinaldi/sweet-and-tasty-tomato-pasta-sauce
5,2023,72.0,Per 1/2 cup - Calories: 60kcal | Fat: 2.00g | Carbs: 9.00g | Protein: 2.00g,https://foods.fatsecret.com/calories-nutrition/francesco-rinaldi/to-be-healthy-spicy-marinara-pasta-sauce
5,2023,73.0,Per 1/2 cup - Calories: 80kcal | Fat: 3.00g | Carbs: 14.00g | Protein: 2.00g,https://foods.fatsecret.com/calories-nutrition/francesco-rinaldi/original-traditional-pasta-sauce
5,2023,74.0,Per 1/4 cup - Calories: 50kcal | Fat: 2.50g | Carbs: 6.00g | Protein: 2.00g,https://foods.fatsecret.com/calories-nutrition/francesco-rinaldi/vodka-sauce
5,2023,75.0,Per 1/2 cup - Calories: 60kcal | Fat: 1.00g | Carbs: 11.00g | Protein: 2.00g,https://foods.fatsecret.com/calories-nutrition/francesco-rinaldi/original-recipe-pasta-sauce
5,2023,76.0,Per 1/4 cup - Calories: 90kcal | Fat: 8.00g | Carbs: 3.00g | Protein: 2.00g,https://foods.fatsecret.com/calories-nutrition/francesco-rinaldi/roasted-garlic-alfredo-sauce
8,2023,117.0,Per 3 nuts - Calories: 90kcal | Fat: 9.00g | Carbs: 2.00g | Protein: 2.00g,https://foods.fatsecret.com/calories-nutrition/terrasoul/raw-brazil-nuts
8,2023,117.0,Per 1/4 cup (12 nuts) - Calories: 200kcal | Fat: 20.00g | Carbs: 4.00g | Protein: 4.00g,https://foods.fatsecret.com/calories-nutrition/trader-joes/raw-brazil-nuts
8,2023,118.0,Per 6 nuts - Calories: 190kcal | Fat: 19.00g | Carbs: 3.00g | Protein: 4.00g,https://foods.fatsecret.com/calories-nutrition/meijer/brazil-nuts
8,2023,118.0,Per 1/4 cup - Calories: 200kcal | Fat: 20.00g | Carbs: 4.00g | Protein: 4.00g,https://foods.fatsecret.com/calories-nutrition/nature-to-go/brazil-nuts
8,2023,119.0,Per 5 nuts - Calories: 130kcal | Fat: 13.00g | Carbs: 2.00g | Protein: 3.00g,https://foods.fatsecret.com/calories-nutrition/now-real-food/organic-brazil-nuts
8,2023,118.0,Per 100g - Calories: 656kcal | Fat: 66.43g | Carbs: 12.27g | Protein: 14.32g,https://foods.fatsecret.com/calories-nutrition/generic/brazil-nuts
8,2023,120.0,Per 1/4 cup - Calories: 200kcal | Fat: 20.00g | Carbs: 4.00g | Protein: 4.00g,https://foods.fatsecret.com/calories-nutrition/diamond-of-california/shelled-brazil-nuts
8,2023,121.0,Per 6 kernels - Calories: 185kcal | Fat: 19.00g | Carbs: 3.00g | Protein: 4.00g,https://foods.fatsecret.com/calories-nutrition/food-to-live/raw-organic-brazil-nuts
8,2023,118.0,Per 1 oz  - Calories: 185kcal | Fat: 19.00g | Carbs: 3.00g | Protein: 4.00g,https://foods.fatsecret.com/calories-nutrition/orchard-fresh/brazil-nuts
8,2023,118.0,Per 1 oz - Calories: 205kcal | Fat: 21.00g | Carbs: 4.00g | Protein: 4.00g,https://foods.fatsecret.com/calories-nutrition/valued-naturals/brazil-nuts
8,2023,118.0,Per 8 nuts - Calories: 220kcal | Fat: 21.00g | Carbs: 3.00g | Protein: 4.00g,https://foods.fatsecret.com/calories-nutrition/woodstock-farms/brazil-nuts
8,2023,122.0,Per 5 pieces - Calories: 219kcal | Fat: 20.00g | Carbs: 14.00g | Protein: 6.00g,https://foods.fatsecret.com/calories-nutrition/next-organics/dark-chocolate-brazil-nuts
8,2023,118.0,Per 6 pieces - Calories: 200kcal | Fat: 19.00g | Carbs: 3.00g | Protein: 4.00g,https://foods.fatsecret.com/calories-nutrition/natures-garden/brazil-nuts
8,2023,117.0,Per 1/4 cup - Calories: 200kcal | Fat: 20.00g | Carbs: 4.00g | Protein: 4.00g,https://foods.fatsecret.com/calories-nutrition/basse/raw-brazil-nuts
8,2023,121.0,Per 1/2 oz - Calories: 105kcal | Fat: 10.00g | Carbs: 2.00g | Protein: 2.00g,https://foods.fatsecret.com/calories-nutrition/sunfood/raw-organic-brazil-nuts
8,2023,118.0,Per 11 pieces  - Calories: 200kcal | Fat: 20.00g | Carbs: 4.00g | Protein: 4.00g,https://foods.fatsecret.com/calories-nutrition/publix/brazil-nuts
8,2023,118.0,Per 1/4 cup - Calories: 200kcal | Fat: 19.00g | Carbs: 3.00g | Protein: 4.00g,https://foods.fatsecret.com/calories-nutrition/heb/brazil-nuts
8,2023,123.0,Per 4 tbsp - Calories: 190kcal | Fat: 16.00g | Carbs: 7.00g | Protein: 5.00g,https://foods.fatsecret.com/calories-nutrition/linwoods/ground-flaxseed-almonds-brazil-nuts-walnuts-and-q10
8,2023,124.0,Per 6 pieces - Calories: 200kcal | Fat: 14.00g | Carbs: 3.00g | Protein: 4.00g,https://foods.fatsecret.com/calories-nutrition/king-henrys/brazil-nut
8,2023,125.0,Per 9 nuts - Calories: 190kcal | Fat: 19.00g | Carbs: 3.00g | Protein: 4.00g,https://foods.fatsecret.com/calories-nutrition/natures-eats/brazil-nuts-raw-unsalted
16,2023,243.0,Per 1 can - Calories: 5kcal | Fat: 0.00g | Carbs: 0.00g | Protein: 0.00g,https://foods.fatsecret.com/calories-nutrition/canada-dry/diet-canada-dry
16,2023,244.0,Per 2 pieces - Calories: 25kcal | Fat: 0.00g | Carbs: 6.00g | Protein: 0.00g,https://foods.fatsecret.com/calories-nutrition/necco/wintergreen-canada-mints
16,2023,245.0,Per 1 serving - Calories: 680kcal | Fat: 0.00g | Carbs: 186.00g | Protein: 0.00g,https://foods.fatsecret.com/calories-nutrition/papa-johns/canada-dry-2-liter
16,2023,246.0,Per 1 serving - Calories: 110kcal | Fat: 0.00g | Carbs: 30.00g | Protein: 0.00g,https://foods.fatsecret.com/calories-nutrition/cheesecake-factory/canada-dry-ginger-ale
16,2023,247.0,Per 1 serving - Calories: 200kcal | Fat: 0.00g | Carbs: 55.00g | Protein: 0.00g,https://foods.fatsecret.com/calories-nutrition/papa-johns/canada-dry-20-oz
16,2023,248.0,Per 1 serving - Calories: 150kcal | Fat: 0.00g | Carbs: 37.00g | Protein: 0.00g,https://foods.fatsecret.com/calories-nutrition/sonic/canada-dry-ginger-ale-medium
16,2023,249.0,Per 1 serving - Calories: 230kcal | Fat: 0.00g | Carbs: 56.00g | Protein: 0.00g,https://foods.fatsecret.com/calories-nutrition/sonic/canada-dry-ginger-ale-large
16,2023,250.0,Per 1 serving - Calories: 100kcal | Fat: 0.00g | Carbs: 26.00g | Protein: 0.00g,https://foods.fatsecret.com/calories-nutrition/sonic/canada-dry-ginger-ale-small
16,2023,251.0,Per 1 serving - Calories: 70kcal | Fat: 0.00g | Carbs: 16.00g | Protein: 0.00g,https://foods.fatsecret.com/calories-nutrition/sonic/canada-dry-ginger-ale-wacky-pack
16,2023,252.0,Per 1 serving - Calories: 310kcal | Fat: 0.00g | Carbs: 76.00g | Protein: 0.00g,https://foods.fatsecret.com/calories-nutrition/sonic/canada-dry-ginger-ale-rt-44
16,2023,253.0,Per 1 serving - Calories: 340kcal | Fat: 0.00g | Carbs: 90.00g | Protein: 0.00g,https://foods.fatsecret.com/calories-nutrition/panera-bread/canada-dry-ginger-ale-30-fl-oz
16,2023,254.0,Per 1 serving - Calories: 230kcal | Fat: 0.00g | Carbs: 60.00g | Protein: 0.00g,https://foods.fatsecret.com/calories-nutrition/panera-bread/canada-dry-ginger-ale-20-fl-oz
16,2023,255.0,Per 1 serving - Calories: 140kcal | Fat: 0.00g | Carbs: 38.00g | Protein: 0.00g,https://foods.fatsecret.com/calories-nutrition/panera-bread/canada-dry-ginger-ale-drive-thru-20-fl-oz
16,2023,256.0,Per 1 serving - Calories: 210kcal | Fat: 0.00g | Carbs: 57.00g | Protein: 0.00g,https://foods.fatsecret.com/calories-nutrition/panera-bread/canada-dry-ginger-ale-drive-thru-30-fl-oz
16,2023,257.0,Per 8 fl oz - Calories: 0kcal | Fat: 0.00g | Carbs: 0.00g | Protein: 0.00g,https://foods.fatsecret.com/calories-nutrition/canada-dry/sparkling-seltzer-water/8-fl-oz
16,2023,258.0,Per 8 fl oz - Calories: 90kcal | Fat: 0.00g | Carbs: 25.00g | Protein: 0.00g,https://foods.fatsecret.com/calories-nutrition/canada-dry/ginger-ale/8-fl-oz
16,2023,259.0,Per 8 fl oz - Calories: 90kcal | Fat: 0.00g | Carbs: 24.00g | Protein: 0.00g,https://foods.fatsecret.com/calories-nutrition/canada-dry/tonic-water
16,2023,260.0,Per 1 serving - Calories: 0kcal | Fat: 0.00g | Carbs: 0.00g | Protein: 0.00g,https://foods.fatsecret.com/calories-nutrition/canada-dry/club-soda
16,2023,261.0,Per 1 bottle - Calories: 210kcal | Fat: 0.00g | Carbs: 56.00g | Protein: 0.00g,https://foods.fatsecret.com/calories-nutrition/canada-dry/ginger-ale-(20-oz)/1-bottle
16,2023,262.0,Per 1 serving - Calories: 120kcal | Fat: 0.00g | Carbs: 32.00g | Protein: 0.00g,https://foods.fatsecret.com/calories-nutrition/canada-dry/black-cherry-wishniak
17,2023,263.0,Per 1/2 oz - Calories: 70kcal | Fat: 4.50g | Carbs: 1.00g | Protein: 8.00g,https://foods.fatsecret.com/calories-nutrition/southern-recipe/korean-kimchi-bbq-pork-rinds
17,2023,264.0,Per 2596g - Calories: 883kcal | Fat: 12.46g | Carbs: 187.17g | Protein: 28.56g,https://foods.fatsecret.com/calories-nutrition/generic/korean-dressing-or-marinade
17,2023,265.0,Per 74g - Calories: 252kcal | Fat: 11.59g | Carbs: 8.30g | Protein: 27.81g,https://foods.fatsecret.com/calories-nutrition/generic/fish-moochim-(korean-style)-dried-fish-with-soy-sauce
17,2023,225.0,Per 1 scoop - Calories: 380kcal | Fat: 31.00g | Carbs: 6.00g | Protein: 14.00g,https://foods.fatsecret.com/calories-nutrition/chicken-salad-chick/olivias-old-south
17,2023,226.0,Per 4 pancakes - Calories: 475kcal | Fat: 6.00g | Carbs: 48.00g | Protein: 54.00g,https://foods.fatsecret.com/calories-nutrition/protein-house/south-beach-pancakes
17,2023,223.0,Per 1 serving - Calories: 592kcal | Fat: 24.00g | Carbs: 41.00g | Protein: 53.00g,https://foods.fatsecret.com/calories-nutrition/the-everyday-high-protein-handbook/south-african-bobotie
17,2023,227.0,Per 1 cup - Calories: 81kcal | Fat: 6.00g | Carbs: 5.00g | Protein: 2.00g,https://foods.fatsecret.com/calories-nutrition/south-beach-diet/surprise-south-beach-mashed-potatoes
17,2023,228.0,Per 1 packet - Calories: 90kcal | Fat: 1.00g | Carbs: 5.00g | Protein: 15.00g,https://foods.fatsecret.com/calories-nutrition/wellness-choice/south-western-omelet-mix
17,2023,229.0,Per 1 container - Calories: 560kcal | Fat: 25.00g | Carbs: 65.00g | Protein: 21.00g,https://foods.fatsecret.com/calories-nutrition/veestro/south-indian-coconut-stew
17,2023,230.0,Per 1 tray - Calories: 620kcal | Fat: 34.00g | Carbs: 42.00g | Protein: 34.00g,https://foods.fatsecret.com/calories-nutrition/freshly/due-south-bbq-beef
17,2023,231.0,Per 1 package - Calories: 420kcal | Fat: 10.00g | Carbs: 41.00g | Protein: 43.00g,https://foods.fatsecret.com/calories-nutrition/megafit-meals/south-of-the-border-chicken
17,2023,232.0,Per 1 serving - Calories: 250kcal | Fat: 0.00g | Carbs: 41.00g | Protein: 0.00g,https://foods.fatsecret.com/calories-nutrition/outback-steakhouse/new-south-wales-sangria-individual
17,2023,233.0,Per 1 serving - Calories: 840kcal | Fat: 38.00g | Carbs: 59.00g | Protein: 66.00g,https://foods.fatsecret.com/calories-nutrition/texas-roadhouse/pulled-pork-sandwich-south-carolina
17,2023,234.0,Per 1 serving - Calories: 850kcal | Fat: 38.00g | Carbs: 51.00g | Protein: 77.00g,https://foods.fatsecret.com/calories-nutrition/texas-roadhouse/pulled-pork-dinner-south-carolina
17,2023,235.0,Per 1 serving - Calories: 320kcal | Fat: 11.00g | Carbs: 28.00g | Protein: 29.00g,https://foods.fatsecret.com/calories-nutrition/betty-crocker/grilled-south-west-shrimp-salad
17,2023,236.0,Per 1 serving - Calories: 380kcal | Fat: 0.00g | Carbs: 100.00g | Protein: 0.00g,https://foods.fatsecret.com/calories-nutrition/culvers/fresh-brewed-sweet-tea-(south)-large
17,2023,237.0,Per 1 serving - Calories: 260kcal | Fat: 0.00g | Carbs: 69.00g | Protein: 0.00g,https://foods.fatsecret.com/calories-nutrition/culvers/fresh-brewed-sweet-tea-(south)-medium
17,2023,238.0,Per 1 serving - Calories: 190kcal | Fat: 0.00g | Carbs: 50.00g | Protein: 0.00g,https://foods.fatsecret.com/calories-nutrition/culvers/fresh-brewed-sweet-tea-(south)-small
17,2023,224.0,Per 17 chips - Calories: 150kcal | Fat: 9.00g | Carbs: 17.00g | Protein: 2.00g,https://foods.fatsecret.com/calories-nutrition/trader-joes/potato-chips-with-south-african-style-seasoning
17,2023,266.0,Per 1 bundle - Calories: 200kcal | Fat: 2.00g | Carbs: 36.00g | Protein: 12.00g,https://foods.fatsecret.com/calories-nutrition/wang-korea/korean-fresh-noodle-(udon)
1,2023,1.0,Per 4 oz - Calories: 120kcal | Fat: 2.00g | Carbs: 1.00g | Protein: 23.00g,https://foods.fatsecret.com/calories-nutrition/sea-queen/usa-gulf-shrimp
1,2023,2.0,Per 1 bar - Calories: 290kcal | Fat: 17.00g | Carbs: 24.00g | Protein: 13.00g,https://foods.fatsecret.com/calories-nutrition/usa-sports/vanilla-muscle-sandwich
1,2023,3.0,Per 1 serving - Calories: 40kcal | Fat: 0.00g | Carbs: 10.00g | Protein: 0.00g,https://foods.fatsecret.com/calories-nutrition/usana-health-sciences/fibergy
1,2023,4.0,Per 1 bar - Calories: 160kcal | Fat: 4.50g | Carbs: 20.00g | Protein: 11.00g,https://foods.fatsecret.com/calories-nutrition/usana-health-sciences/nutrition-bar---peanut-butter-crunch
1,2023,5.0,Per 1 serving - Calories: 255kcal | Fat: 7.00g | Carbs: 33.00g | Protein: 16.00g,https://foods.fatsecret.com/calories-nutrition/usana-health-sciences/nutrimeal-drink-mix---french-vanilla
1,2023,6.0,Per 1 serving - Calories: 242kcal | Fat: 7.00g | Carbs: 32.00g | Protein: 16.00g,https://foods.fatsecret.com/calories-nutrition/usana-health-sciences/nutrimeal-drink-mix---dutch-chocolate
1,2023,7.0,Per 1 serving - Calories: 255kcal | Fat: 7.00g | Carbs: 33.00g | Protein: 16.00g,https://foods.fatsecret.com/calories-nutrition/usana-health-sciences/nutrimeal-drink-mix---wild-strawberry
1,2023,8.0,Per 1 serving - Calories: 261kcal | Fat: 9.40g | Carbs: 18.80g | Protein: 21.00g,https://foods.fatsecret.com/calories-nutrition/usana-health-sciences/nutrimeal-chocolate
1,2023,9.0,Per 1 piece - Calories: 270kcal | Fat: 0.00g | Carbs: 63.00g | Protein: 4.00g,https://foods.fatsecret.com/calories-nutrition/daifuku/mochi-kusa
1,2023,10.0,Per 1 serving - Calories: 20kcal | Fat: 0.00g | Carbs: 4.00g | Protein: 1.00g,https://foods.fatsecret.com/calories-nutrition/clean-eatz/nsa-bbq-sauce
1,2023,11.0,Per 1 serving - Calories: 30kcal | Fat: 0.00g | Carbs: 6.00g | Protein: 1.00g,https://foods.fatsecret.com/calories-nutrition/sweet-frog/nsa-cheesecake-frozen-yogurt
1,2023,12.0,Per 1 oz - Calories: 35kcal | Fat: 0.00g | Carbs: 7.00g | Protein: 1.00g,https://foods.fatsecret.com/calories-nutrition/orange-leaf/nsa-vanilla-frozen-yogurt
1,2023,13.0,Per 1 steak - Calories: 250kcal | Fat: 11.00g | Carbs: 0.00g | Protein: 35.00g,https://foods.fatsecret.com/calories-nutrition/schwans/usda-choice-filet-mignon
1,2023,14.0,Per 3/4 cup - Calories: 60kcal | Fat: 0.50g | Carbs: 15.00g | Protein: 1.00g,https://foods.fatsecret.com/calories-nutrition/vip/use-like-fresh-mixed-fruit
1,2023,15.0,Per 1 serving - Calories: 250kcal | Fat: 6.00g | Carbs: 3.00g | Protein: 46.00g,https://foods.fatsecret.com/calories-nutrition/texas-roadhouse/usda-choice-sirloin-6-oz
1,2023,16.0,Per 1 serving - Calories: 340kcal | Fat: 8.00g | Carbs: 5.00g | Protein: 61.00g,https://foods.fatsecret.com/calories-nutrition/texas-roadhouse/usda-choice-sirloin-8-oz
1,2023,17.0,Per 1 serving - Calories: 460kcal | Fat: 11.00g | Carbs: 6.00g | Protein: 84.00g,https://foods.fatsecret.com/calories-nutrition/texas-roadhouse/usda-choice-sirloin-11-oz
1,2023,18.0,Per 1 serving - Calories: 670kcal | Fat: 16.00g | Carbs: 9.00g | Protein: 122.00g,https://foods.fatsecret.com/calories-nutrition/texas-roadhouse/usda-choice-sirloin-16-oz
1,2023,19.0,Per 1 serving - Calories: 560kcal | Fat: 25.00g | Carbs: 43.00g | Protein: 42.00g,https://foods.fatsecret.com/calories-nutrition/applebees/usda-select-sirloin-(6-oz)
1,2023,20.0,Per 1 serving - Calories: 620kcal | Fat: 27.00g | Carbs: 44.00g | Protein: 53.00g,https://foods.fatsecret.com/calories-nutrition/applebees/usda-select-sirloin-(8-oz)
7,2023,97.0,Per 100g - Calories: 648kcal | Fat: 68.87g | Carbs: 0.00g | Protein: 6.27g,https://foods.fatsecret.com/calories-nutrition/usda/australian-lamb-fat
7,2023,98.0,Per 100g - Calories: 229kcal | Fat: 16.97g | Carbs: 0.00g | Protein: 17.84g,https://foods.fatsecret.com/calories-nutrition/usda/australian-lamb-(trimmed-to-1-8-fat)
7,2023,99.0,Per 100g - Calories: 195kcal | Fat: 12.68g | Carbs: 0.00g | Protein: 18.85g,https://foods.fatsecret.com/calories-nutrition/usda/australian-lamb-foreshank-(trimmed-to-1-8-fat)
7,2023,100.0,Per 100g - Calories: 289kcal | Fat: 24.20g | Carbs: 0.00g | Protein: 16.46g,https://foods.fatsecret.com/calories-nutrition/usda/australian-lamb-ribs-(trimmed-to-1-8-fat)
7,2023,101.0,Per 100g - Calories: 203kcal | Fat: 13.38g | Carbs: 0.00g | Protein: 19.32g,https://foods.fatsecret.com/calories-nutrition/usda/australian-lamb-loin-(trimmed-to-1-8-fat)
7,2023,102.0,Per 100g - Calories: 243kcal | Fat: 18.89g | Carbs: 0.00g | Protein: 17.06g,https://foods.fatsecret.com/calories-nutrition/usda/australian-lamb-shoulder-arm-(trimmed-to-1-8-fat)
7,2023,103.0,Per 100g - Calories: 142kcal | Fat: 6.18g | Carbs: 0.00g | Protein: 20.25g,https://foods.fatsecret.com/calories-nutrition/usda/australian-lamb-(lean-only-trimmed-to-1-8-fat)
7,2023,104.0,Per 100g - Calories: 262kcal | Fat: 21.28g | Carbs: 0.00g | Protein: 16.48g,https://foods.fatsecret.com/calories-nutrition/usda/australian-lamb-shoulder-blade-(trimmed-to-1-8-fat)
7,2023,105.0,Per 100g - Calories: 201kcal | Fat: 13.48g | Carbs: 0.00g | Protein: 18.59g,https://foods.fatsecret.com/calories-nutrition/usda/australian-lamb-leg-(shank-half-trimmed-to-1-8-fat)
7,2023,106.0,Per 100g - Calories: 146kcal | Fat: 6.24g | Carbs: 0.00g | Protein: 21.00g,https://foods.fatsecret.com/calories-nutrition/usda/australian-lamb-loin-(lean-only-trimmed-to-1-8-fat)
7,2023,107.0,Per 100g - Calories: 160kcal | Fat: 8.20g | Carbs: 0.00g | Protein: 20.12g,https://foods.fatsecret.com/calories-nutrition/usda/australian-lamb-ribs-(lean-only-trimmed-to-1-8-fat)
7,2023,108.0,Per 100g - Calories: 123kcal | Fat: 3.81g | Carbs: 0.00g | Protein: 20.83g,https://foods.fatsecret.com/calories-nutrition/usda/australian-lamb-foreshank-(lean-only-trimmed-to-1-8-fat)
7,2023,109.0,Per 100g - Calories: 254kcal | Fat: 20.00g | Carbs: 0.00g | Protein: 17.25g,https://foods.fatsecret.com/calories-nutrition/usda/australian-lamb-leg-(sirloin-half-boneless-trimmed-to-1-8-fat)
7,2023,110.0,Per 100g - Calories: 256kcal | Fat: 20.47g | Carbs: 0.00g | Protein: 16.68g,https://foods.fatsecret.com/calories-nutrition/usda/australian-lamb-shoulder-arm-and-blade-(trimmed-to-1-8-fat)
7,2023,111.0,Per 100g - Calories: 164kcal | Fat: 9.09g | Carbs: 0.00g | Protein: 19.10g,https://foods.fatsecret.com/calories-nutrition/usda/australian-lamb-shoulder-blade-(lean-only-trimmed-to-1-8-fat)
7,2023,112.0,Per 100g - Calories: 208kcal | Fat: 14.38g | Carbs: 0.00g | Protein: 18.33g,https://foods.fatsecret.com/calories-nutrition/usda/australian-lamb-leg-(sirloin-chops-boneless-trimmed-to-1-8-fat)
7,2023,113.0,Per 100g - Calories: 137kcal | Fat: 5.81g | Carbs: 0.00g | Protein: 19.88g,https://foods.fatsecret.com/calories-nutrition/usda/australian-lamb-shoulder-arm-(lean-only-trimmed-to-1-8-fat)
7,2023,114.0,Per 100g - Calories: 215kcal | Fat: 15.19g | Carbs: 0.00g | Protein: 18.24g,https://foods.fatsecret.com/calories-nutrition/usda/australian-lamb-leg-(whole-(shank-and-sirloin)-trimmed-to-1-8-fat)
7,2023,115.0,Per 100g - Calories: 133kcal | Fat: 5.10g | Carbs: 0.00g | Protein: 20.45g,https://foods.fatsecret.com/calories-nutrition/usda/australian-lamb-leg-(shank-half-lean-only-trimmed-to-1-8-fat)
7,2023,116.0,Per 100g - Calories: 195kcal | Fat: 12.56g | Carbs: 0.00g | Protein: 19.17g,https://foods.fatsecret.com/calories-nutrition/usda/australian-lamb-leg-(center-slice-bone-in-trimmed-to-1-8-fat)
6,2023,77.0,Per 100g - Calories: 384kcal | Fat: 0.34g | Carbs: 92.87g | Protein: 3.62g,https://foods.fatsecret.com/calories-nutrition/generic/cookie-tea-japanese
6,2023,78.0,Per 100g - Calories: 42kcal | Fat: 0.23g | Carbs: 10.65g | Protein: 0.50g,https://foods.fatsecret.com/calories-nutrition/generic/pear-japanese-raw
6,2023,79.0,Per 100g - Calories: 29kcal | Fat: 0.20g | Carbs: 5.44g | Protein: 1.35g,https://foods.fatsecret.com/calories-nutrition/generic/tsukemono-japanese-pickles
6,2023,80.0,Per 100g - Calories: 30kcal | Fat: 0.10g | Carbs: 5.67g | Protein: 1.60g,https://foods.fatsecret.com/calories-nutrition/generic/cabbage-fresh-pickled-japanese-style
6,2023,81.0,Per 100g - Calories: 70kcal | Fat: 0.19g | Carbs: 18.59g | Protein: 0.58g,https://foods.fatsecret.com/calories-nutrition/usda/japanese-persimmons
6,2023,82.0,Per 100g - Calories: 154kcal | Fat: 0.53g | Carbs: 34.91g | Protein: 2.25g,https://foods.fatsecret.com/calories-nutrition/usda/japanese-chestnuts
6,2023,83.0,Per 100g - Calories: 56kcal | Fat: 0.19g | Carbs: 12.64g | Protein: 0.82g,https://foods.fatsecret.com/calories-nutrition/usda/japanese-chestnuts-(boiled-and-steamed)
6,2023,84.0,Per 100g - Calories: 30kcal | Fat: 0.10g | Carbs: 5.67g | Protein: 1.60g,https://foods.fatsecret.com/calories-nutrition/usda/japanese-style-cabbage-(pickled)
6,2023,85.0,Per 2 oz uncooked - Calories: 190kcal | Fat: 1.00g | Carbs: 41.00g | Protein: 5.00g,https://foods.fatsecret.com/calories-nutrition/japanfood/tomoshiraga-somen-noodles
6,2023,86.0,Per 1 serving - Calories: 190kcal | Fat: 1.00g | Carbs: 41.00g | Protein: 5.00g,https://foods.fatsecret.com/calories-nutrition/japanfood/tomoshiraga-somen-oriental-style-noodles
6,2023,87.0,Per 1 pack - Calories: 200kcal | Fat: 10.00g | Carbs: 20.00g | Protein: 8.00g,https://foods.fatsecret.com/calories-nutrition/japon/dry-roasted-crunchy-peanuts
6,2023,88.0,Per 1 serving - Calories: 590kcal | Fat: 14.00g | Carbs: 80.00g | Protein: 32.00g,https://foods.fatsecret.com/calories-nutrition/edo-japan/chicken-and-beef-teriyaki
6,2023,89.0,Per 1 serving  - Calories: 510kcal | Fat: 14.00g | Carbs: 62.00g | Protein: 37.00g,https://foods.fatsecret.com/calories-nutrition/edo-japan/chicken-yakisoba
6,2023,90.0,Per 1 order - Calories: 580kcal | Fat: 12.00g | Carbs: 80.00g | Protein: 33.00g,https://foods.fatsecret.com/calories-nutrition/edo-japan/teriyaki-chicken
6,2023,91.0,Per 1 meal - Calories: 480kcal | Fat: 10.60g | Carbs: 39.80g | Protein: 53.60g,https://foods.fatsecret.com/calories-nutrition/sarku-japan/chicken-teriyaki-combo-meal-(no-rice)
6,2023,92.0,Per 1 scoop - Calories: 45kcal | Fat: 0.00g | Carbs: 11.00g | Protein: 1.00g,https://foods.fatsecret.com/calories-nutrition/edo-japan/teriyaki-sauce
6,2023,93.0,Per 1 serving - Calories: 721kcal | Fat: 11.00g | Carbs: 93.00g | Protein: 56.00g,https://foods.fatsecret.com/calories-nutrition/sarku-japan/chicken-teriyaki-combo-meal
6,2023,94.0,Per 1 serving - Calories: 580kcal | Fat: 15.00g | Carbs: 80.00g | Protein: 32.00g,https://foods.fatsecret.com/calories-nutrition/edo-japan/sukiyaki-beef
6,2023,95.0,Per 1 meal - Calories: 640kcal | Fat: 24.00g | Carbs: 79.00g | Protein: 28.00g,https://foods.fatsecret.com/calories-nutrition/sarku-japan/chicken-teriyaki-with-steamed-rice
6,2023,96.0,Per 1 order - Calories: 190kcal | Fat: 9.00g | Carbs: 15.00g | Protein: 3.00g,https://foods.fatsecret.com/calories-nutrition/sarku-japan/vegetable-spring-roll
3,2023,21.0,Per 1 serving - Calories: 1310kcal | Fat: 81.00g | Carbs: 87.00g | Protein: 60.00g,https://foods.fatsecret.com/calories-nutrition/islands-restaurants/china-coast
3,2023,22.0,Per 1 brewed cup - Calories: 0kcal | Fat: 0.00g | Carbs: 1.00g | Protein: 0.00g,https://foods.fatsecret.com/calories-nutrition/tea-pot-brand/china-slim-tea
3,2023,23.0,Per 1 tbsp - Calories: 10kcal | Fat: 0.00g | Carbs: 1.00g | Protein: 1.00g,https://foods.fatsecret.com/calories-nutrition/ranchero/salsa-china-soy-sauce
3,2023,24.0,Per 100g - Calories: 490kcal | Fat: 30.75g | Carbs: 43.85g | Protein: 15.62g,https://foods.fatsecret.com/calories-nutrition/generic/chia-seeds
3,2023,25.0,Per 434g - Calories: 458kcal | Fat: 18.94g | Carbs: 54.42g | Protein: 19.98g,https://foods.fatsecret.com/calories-nutrition/generic/chia-pudding
3,2023,26.0,Per 1/2 cup - Calories: 130kcal | Fat: 5.00g | Carbs: 16.00g | Protein: 3.00g,https://foods.fatsecret.com/calories-nutrition/china-boy/rice-noodles
3,2023,27.0,Per 1 tbsp - Calories: 10kcal | Fat: 0.00g | Carbs: 2.00g | Protein: 1.00g,https://foods.fatsecret.com/calories-nutrition/china-lily/soya-sauce
3,2023,28.0,Per 1/4 cup dry - Calories: 70kcal | Fat: 0.00g | Carbs: 22.00g | Protein: 7.00g,https://foods.fatsecret.com/calories-nutrition/china-doll/dried-large-lima-beans
3,2023,29.0,Per 1/2 cup - Calories: 130kcal | Fat: 5.00g | Carbs: 16.00g | Protein: 3.00g,https://foods.fatsecret.com/calories-nutrition/china-boy/chow-mein-noodles
3,2023,30.0,Per 2 oz - Calories: 200kcal | Fat: 0.00g | Carbs: 47.00g | Protein: 4.00g,https://foods.fatsecret.com/calories-nutrition/china-boy/enriched-lo-mein-noodles
3,2023,31.0,Per 3 oz - Calories: 140kcal | Fat: 9.00g | Carbs: 1.00g | Protein: 14.00g,https://foods.fatsecret.com/calories-nutrition/china-tofu/marinated-bean-curd
3,2023,32.0,Per 1/3 cup - Calories: 70kcal | Fat: 0.00g | Carbs: 17.00g | Protein: 0.00g,https://foods.fatsecret.com/calories-nutrition/china-bowl-select/cellophane-noodles
3,2023,33.0,Per 1/2 cup - Calories: 150kcal | Fat: 1.00g | Carbs: 34.00g | Protein: 5.00g,https://foods.fatsecret.com/calories-nutrition/china-bowl-select/chinese-noodles
3,2023,34.0,Per 100g - Calories: 490kcal | Fat: 30.75g | Carbs: 43.85g | Protein: 15.62g,https://foods.fatsecret.com/calories-nutrition/usda/dried-chia-seeds
3,2023,35.0,Per 18 pieces - Calories: 110kcal | Fat: 5.00g | Carbs: 14.00g | Protein: 2.00g,https://foods.fatsecret.com/calories-nutrition/gonyek/chin-chin
3,2023,36.0,Per 1 pouch - Calories: 70kcal | Fat: 3.00g | Carbs: 12.00g | Protein: 2.00g,https://foods.fatsecret.com/calories-nutrition/mamma-chia/chia-squeeze
3,2023,37.0,Per 1/2 oz - Calories: 77kcal | Fat: 5.00g | Carbs: 7.00g | Protein: 3.00g,https://foods.fatsecret.com/calories-nutrition/the-chia-co/black-chia
3,2023,38.0,Per 1 tbsp - Calories: 60kcal | Fat: 4.00g | Carbs: 4.00g | Protein: 3.00g,https://foods.fatsecret.com/calories-nutrition/mamma-chia/organic-chia-seeds
3,2023,39.0,Per 1 package - Calories: 490kcal | Fat: 16.00g | Carbs: 79.00g | Protein: 13.00g,https://foods.fatsecret.com/calories-nutrition/central-market/chana-masala
3,2023,39.0,Per 1 container - Calories: 270kcal | Fat: 4.50g | Carbs: 51.00g | Protein: 9.00g,https://foods.fatsecret.com/calories-nutrition/pataks/chana-masala
18,2023,,,
19,2023,267.0,Per 686g - Calories: 604kcal | Fat: 8.51g | Carbs: 114.28g | Protein: 17.29g,https://foods.fatsecret.com/calories-nutrition/generic/potato-salad-german-style
19,2023,268.0,Per 1490g - Calories: 5512kcal | Fat: 276.22g | Carbs: 736.42g | Protein: 52.14g,https://foods.fatsecret.com/calories-nutrition/generic/cake-german-chocolate-with-icing-and-filling
19,2023,269.0,Per 100g - Calories: 401kcal | Fat: 9.50g | Carbs: 80.10g | Protein: 4.00g,https://foods.fatsecret.com/calories-nutrition/usda/german-chocolate-cake-(dry-mix-pudding-type)
19,2023,270.0,Per 4 slices - Calories: 120kcal | Fat: 10.00g | Carbs: 0.00g | Protein: 8.00g,https://foods.fatsecret.com/calories-nutrition/pillers/german-salami
19,2023,271.0,Per 1 german pretzel - Calories: 940kcal | Fat: 10.00g | Carbs: 190.00g | Protein: 20.00g,https://foods.fatsecret.com/calories-nutrition/world-of-beer/german-pretzel
19,2023,272.0,Per 1 link - Calories: 150kcal | Fat: 10.00g | Carbs: 3.00g | Protein: 12.00g,https://foods.fatsecret.com/calories-nutrition/charcutnuvo/german-bratwurst
19,2023,273.0,Per 1 serving - Calories: 710kcal | Fat: 32.00g | Carbs: 88.00g | Protein: 18.00g,https://foods.fatsecret.com/calories-nutrition/ihop/german-crepes
19,2023,274.0,Per 2 oz - Calories: 130kcal | Fat: 11.00g | Carbs: 2.00g | Protein: 7.00g,https://foods.fatsecret.com/calories-nutrition/deutschmacher/german-bologna
19,2023,275.0,Per 1 link - Calories: 200kcal | Fat: 16.00g | Carbs: 1.00g | Protein: 12.00g,https://foods.fatsecret.com/calories-nutrition/boulder-sausage/german-sausage
19,2023,276.0,Per 1 scoop - Calories: 0kcal | Fat: 0.00g | Carbs: 0.00g | Protein: 0.00g,https://foods.fatsecret.com/calories-nutrition/fitness-labs/german-creatine
19,2023,277.0,Per 1 link - Calories: 218kcal | Fat: 18.00g | Carbs: 4.00g | Protein: 11.00g,https://foods.fatsecret.com/calories-nutrition/purefoods/german-franks
19,2023,278.0,Per 1 - Calories: 340kcal | Fat: 11.00g | Carbs: 34.00g | Protein: 27.00g,https://foods.fatsecret.com/calories-nutrition/clean-simple-eats/german-pancakes
19,2023,274.0,Per 2 oz - Calories: 140kcal | Fat: 12.00g | Carbs: 1.00g | Protein: 7.00g,https://foods.fatsecret.com/calories-nutrition/dietz-watson/german-bologna
19,2023,279.0,Per 1 tsp - Calories: 5kcal | Fat: 0.50g | Carbs: 0.00g | Protein: 0.00g,https://foods.fatsecret.com/calories-nutrition/hengstenberg/hot-german-mustard
19,2023,280.0,Per 1 frank - Calories: 190kcal | Fat: 17.00g | Carbs: 1.00g | Protein: 8.00g,https://foods.fatsecret.com/calories-nutrition/hofmann-sausage/german-brand-franks
19,2023,281.0,Per 1/2 cup - Calories: 120kcal | Fat: 3.00g | Carbs: 22.00g | Protein: 2.00g,https://foods.fatsecret.com/calories-nutrition/read/german-potato-salad
19,2023,282.0,Per 1/2 biscotti - Calories: 140kcal | Fat: 7.00g | Carbs: 17.00g | Protein: 2.00g,https://foods.fatsecret.com/calories-nutrition/be-bop-biscotti/german-chocolate-biscotti
19,2023,283.0,Per 2 slices - Calories: 150kcal | Fat: 2.00g | Carbs: 30.00g | Protein: 4.00g,https://foods.fatsecret.com/calories-nutrition/todays-temptations/german-rye-bread
19,2023,281.0,Per 1/2 cup - Calories: 120kcal | Fat: 3.00g | Carbs: 22.00g | Protein: 2.00g,https://foods.fatsecret.com/calories-nutrition/happy-harvest/german-potato-salad
19,2023,284.0,Per 1 slice - Calories: 109kcal | Fat: 0.00g | Carbs: 22.00g | Protein: 4.00g,https://foods.fatsecret.com/calories-nutrition/beckmanns/german-farm-bread
